"Time","CPU Used","CPU Requested"
1712906760000,0.416545454545465,17
1712906790000,0.40130478327984476,17
1712906820000,0.4121818181818203,17
1712906850000,0.4154545454545322,17
1712906880000,0.4287272727272846,17
1712906910000,0.4378181818181812,17
1712906940000,0.42981818181818043,17
1712906970000,0.4183636363636285,17
1712907000000,0.41636363636364315,17
1712907030000,0.41854545454546754,17
1712907060000,0.42509090909090774,17
1712907090000,0.42403203617457386,17
1712907120000,0.41327272727272435,17
1712907150000,0.4367272727272692,17
1712907180000,0.4365454545454637,17
1712907210000,0.41000000000000425,17
1712907240000,0.4160000000000027,17
1712907270000,0.419636363636367,17
1712907300000,0.4290909090909083,17
1712907330000,0.4301818181817958,17
1712907360000,0.8365454545454636,17
1712907390000,1.3845454545454527,17
1712907420000,1.4823636363636319,17
1712907450000,1.4521818181818165,17
1712907480000,0.890909090909071,17
1712907510000,0.4509090909090785,17
1712907540000,0.4349090909090765,17
1712907570000,0.4312727272727246,17
1712907600000,0.4210909090909237,17
1712907630000,0.42618181818180345,17
1712907660000,0.43072727272729106,17
1712907690000,1.2452727272727078,17
1712907720000,2.400363636363662,17
1712907750000,5.3183636363636335,17
1712907780000,9.559818181818184,17
1712907810000,7.382000000000014,17
1712907840000,2.8720000000000097,17
1712907870000,3.1476363636363374,17
1712907900000,4.740363636363618,17
1712907930000,5.337636363636359,17
1712907960000,5.463272727272728,17
1712907990000,6.146727272727283,17
1712908020000,7.955636363636347,17
1712908050000,7.856000000000002,17
1712908080000,8.636545454545443,17
1712908110000,8.423818181818206,17
1712908140000,4.014909090909095,17
1712908170000,2.094545454545443,17
1712908200000,3.8021818181818254,17
1712908230000,4.780909090909081,17
1712908260000,5.0234545454545545,17
1712908290000,5.306727272727296,17
1712908320000,3.1460000000000043,17
1712908350000,1.5058181818181855,17
1712908380000,1.4936363636363659,17
1712908410000,1.5494545454545507,17
1712908440000,1.6323636363636322,17
1712908470000,1.7592727272727062,17
1712908500000,2.593272727272713,17
1712908530000,3.529090909090908,17
1712908560000,4.372727272727274,17
1712908590000,5.9830909090909135,17
1712908620000,4.814363636363628,17
1712908650000,3.0861818181818146,17
1712908680000,2.8861818181818406,17
1712908710000,2.6794545454545524,17
1712908740000,3.322545454545443,17
1712908770000,4.300363636363661,17
1712908800000,3.522363636363613,17
1712908830000,2.2796363636363743,17
1712908860000,1.8943636363636216,17
1712908890000,1.8840000000000152,17
1712908920000,2.1627272727273112,17
1712908950000,2.869636363636355,17
1712908980000,2.871454545454551,17
1712909010000,2.288909090909081,17
1712909040000,2.1143636363636196,17
1712909070000,2.1407272727272693,17
1712909100000,2.7009090909090867,17
1712909130000,5.16781818181819,17
1712909160000,5.965999999999993,17
1712909190000,3.258545454545443,17
1712909220000,1.7678181818181828,17
1712909250000,2.448727272727262,17
1712909280000,2.861272727272725,17
1712909310000,2.2456363636363927,17
1712909340000,1.7965454545454453,17
1712909370000,2.5216363636363566,17
1712909400000,3.1525454545454368,17
1712909430000,2.406181818181813,17
1712909460000,1.8885454545454778,17
1712909490000,2.5387272727272925,17
1712909520000,3.259454545454571,17
1712909550000,2.968909090909108,17
1712909580000,2.7901818181818276,17
1712909610000,3.988181818181792,17
1712909640000,5.66927272727272,17
1712909670000,4.464181818181823,17
1712909700000,2.8159999999999865,17
1712909730000,2.852000000000004,17
1712909760000,3.0770909090909138,17
1712909790000,4.3547272727273025,17
1712909820000,6.539636363636377,17
1712909850000,5.845818181818157,17
1712909880000,3.872363636363605,17
1712909910000,3.4207272727272704,17
1712909940000,3.494363636363622,17
1712909970000,3.4039999999999555,17
1712910000000,3.146909090909099,17
1712910030000,2.8347272727272457,17
1712910060000,2.0650909090909333,17
1712910090000,1.7661818181818167,17
1712910120000,1.929272727272722,17
1712910150000,1.9316363636363936,17
1712910180000,2.2000000000000424,17
1712910210000,1.4434545454545606,17
1712910240000,0.6425454545453918,17
1712910270000,0.6890909090908369,17
1712910300000,0.7867272727272816,17
1712910330000,0.9001818181818229,17
1712910360000,1.0347272727272876,17
1712910390000,1.0749090909090566,17
1712910420000,1.021272727272713,17
1712910450000,1.0321818181817934,17
1712910480000,1.061999999999998,17
1712910510000,1.1269090909090838,17
1712910540000,1.236727272727265,17
1712910570000,1.4807272727272993,17
1712910600000,1.5258181818181678,17
1712910630000,1.4901818181818527,17
1712910660000,1.5454545454545463,17
1712910690000,1.7865454545454593,17
1712910720000,2.089999999999981,17
1712910750000,3.0392727272727083,17
1712910780000,3.2154545454545524,17
1712910810000,2.5447272727272416,17
1712910840000,2.2059999999999826,17
1712910870000,1.9898181818181921,17
1712910900000,2.0343636363635764,17
1712910930000,2.513999999999959,17
1712910960000,3.366727272727275,17
1712910990000,2.853090909090927,17
1712911020000,2.521818181818179,17
1712911050000,2.5734545454545454,17
1712911080000,2.8334545454544986,17
1712911110000,2.0967272727272515,17
1712911140000,1.2070909090909159,17
1712911170000,1.1629090909090927,17
1712911200000,1.2354545454545098,17
1712911230000,1.2263636363636505,17
1712911260000,1.2056363636363716,17
1712911290000,1.2107272727272098,17
1712911320000,1.1816363636363603,17
1712911350000,1.2221818181818067,17
1712911380000,1.791272727272736,17
1712911410000,2.112545454545448,17
1712911440000,2.1283636363636607,17
1712911470000,2.207999999999977,17
1712911500000,2.4238181818181896,17
1712911530000,3.006909090909077,17
1712911560000,2.244727272727274,17
1712911590000,1.5027272727272996,17
1712911620000,1.5247272727272674,17
1712911650000,1.5330909090909215,17
1712911680000,1.4807272727272829,17
1712911710000,1.4158181818182465,17
1712911740000,1.4529090909091056,17
1712911770000,1.6045454545454718,17
1712911800000,1.9292727272727554,17
1712911830000,2.9594545454545047,17
1712911860000,3.2059999999999493,17
1712911890000,2.7241818181817843,17
1712911920000,2.476727272727261,17
1712911950000,1.7647272727272474,17
1712911980000,1.2461818181817683,17
1712912010000,0.7694545454545575,17
1712912040000,0.46527272727274716,17
1712912070000,0.43781818181819776,17
1712912100000,0.4316363636363605,17
1712912130000,0.437636363636409,17
1712912160000,0.4385454545454369,17
1712912190000,0.4523636363636062,17
1712912220000,0.4507272727272398,17
1712912250000,0.43727272727273125,17
1712912280000,0.43981818181822496,17
1712912310000,0.43363636363633795,17
1712912340000,0.42763636363635593,17
1712912370000,0.43545454545452633,17
1712912400000,0.42672727272726174,17
1712912430000,0.48509090909091557,17
1712912460000,0.4889090909091143,17
1712912490000,0.4430909090908419,17
1712912520000,0.4434545454545521,17
1712912550000,0.4436363636364402,17
1712912580000,0.4636363636363975,17
1712912610000,0.46999999999994124,17
1712912640000,0.4570909090908829,17
1712912670000,0.44672727272725155,17
1712912700000,0.43945454545454743,17
1712912730000,0.43563636363639835,17
1712912760000,0.43072727272721656,17
1712912790000,0.4320000000000378,17
1712912820000,0.4392727272726922,17
1712912850000,0.4500000000000337,17
1712912880000,0.5212727272726961,17
1712912910000,1.7963636363636737,17
1712912940000,2.7496363636363568,17
1712912970000,5.48054545454546,17
1712913000000,7.692000000000008,17
1712913030000,4.990363636363641,17
1712913060000,3.071090909090891,17
1712913090000,4.201636363636434,17
1712913120000,5.784727272727287,17
1712913150000,6.115818181818248,17
1712913180000,6.833272727272712,17
1712913210000,7.002909090909073,17
1712913240000,7.094727272727208,17
1712913270000,7.8625454545454305,17
1712913300000,9.178909090909077,17
1712913330000,9.207272727272754,17
1712913360000,9.284545454545452,17
1712913390000,7.6645454545454745,17
1712913420000,3.379090909090899,17
1712913450000,3.0323636363636153,17
1712913480000,5.437272727272681,17
1712913510000,6.414545454545426,17
1712913540000,6.9536363636363765,17
1712913570000,6.711454545454548,17
1712913600000,3.504545454545422,17
1712913630000,1.9176363636363194,17
1712913660000,1.812909090909076,17
1712913690000,1.8779999999999508,17
1712913720000,2.055636363636355,17
1712913750000,2.2032727272727506,17
1712913780000,3.519636363636346,17
1712913810000,4.504000000000021,17
1712913840000,6.2214545454545345,17
1712913870000,8.082363636363601,17
1712913900000,5.83636363636362,17
1712913930000,4.061636363636404,17
1712913960000,3.6274545454545337,17
1712913990000,3.568909090909041,17
1712914020000,4.485090909090931,17
1712914050000,5.8092727272727664,17
1712914080000,4.211090909090888,17
1712914110000,2.4230909090908677,17
1712914140000,2.2414545454544914,17
1712914170000,2.225272727272701,17
1712914200000,2.8049090909090992,17
1712914230000,3.720909090909069,17
1712914260000,3.5139999999999922,17
1712914290000,2.9203636363636347,17
1712914320000,2.7745454545454953,17
1712914350000,2.824909090909072,17
1712914380000,4.394181818181841,17
1712914410000,8.078545454545466,17
1712914440000,7.6096363636363265,17
1712914470000,3.4979999999999905,17
1712914500000,2.3536363636362947,17
1712914530000,3.2678181818181744,17
1712914560000,3.4285454545455325,17
1712914590000,2.630727272727283,17
1712914620000,2.4505454545453844,17
1712914650000,3.9000000000000337,17
1712914680000,4.2158181818181975,17
1712914710000,2.879818181818172,17
1712914740000,2.2694545454545243,17
1712914770000,3.2350909090909314,17
1712914800000,3.938727272727143,17
1712914830000,3.661818181818192,17
1712914860000,3.5243636363635904,17
1712914890000,6.407891525757552,17
1712914920000,8.545090909090918,17
1712914950000,7.399127360665939,17
1712914980000,8.822181818181855,17
1712915010000,7.390727272727254,17
1712915040000,4.111999999999998,17
1712915070000,3.6409090909091573,17
1712915100000,3.9470909090909956,17
1712915130000,5.116545454545519,17
1712915160000,7.185636363636414,17
1712915190000,6.254363636363585,17
1712915220000,4.459272727272649,17
1712915250000,4.217454545454563,17
1712915280000,4.255818181818227,17
1712915310000,4.153272727272733,17
1712915340000,3.927818181818095,17
1712915370000,3.4403636363635917,17
1712915400000,2.4538181818181326,17
1712915430000,2.215636363636309,17
1712915460000,2.445818181818223,17
1712915490000,2.7232727272727733,17
1712915520000,1.8678181818181416,17
1712915550000,0.8029090909090889,17
1712915580000,0.7799999999999612,17
1712915610000,0.8176363636364187,17
1712915640000,0.9496363636363895,17
1712915670000,1.0370909090908926,17
1712915700000,1.1849090909091586,17
1712915730000,1.238727272727259,17
1712915760000,1.249272727272646,17
1712915790000,1.3727272727272735,17
1712915820000,1.6218181818181294,17
1712915850000,1.9330909090907062,17
1712915880000,1.8572727272727212,17
1712915910000,1.844181818181792,17
1712915940000,1.9919999999999916,17
1712915970000,2.376727272727394,17
1712916000000,2.979636363636449,17
1712916030000,4.299090909090923,17
1712916060000,4.035090909090882,17
1712916090000,3.023636363636351,17
1712916120000,2.8274545454544833,17
1712916150000,2.677636363636372,17
1712916180000,2.6520000000000445,17
1712916210000,3.539272727272659,17
1712916240000,3.929818181818172,17
1712916270000,3.070363636363651,17
1712916300000,2.7265454545454064,17
1712916330000,3.0119999999999645,17
1712916360000,3.3798181818181385,17
1712916390000,2.213090909090865,17
1712916420000,1.2518181818182226,17
1712916450000,1.4045454545455542,17
1712916480000,1.6023636363636555,17
1712916510000,1.463818181818187,17
1712916540000,1.4136363636364302,17
1712916570000,1.3796363636364162,17
1712916600000,1.3736363636363844,17
1712916630000,1.7494545454546002,17
1712916660000,2.526909090909084,17
1712916690000,2.853999999999989,17
1712916720000,2.7576363636363324,17
1712916750000,2.6296363636364486,17
1712916780000,3.2998181818181456,17
1712916810000,3.643272727272713,17
1712916840000,2.5409090909091576,17
1712916870000,1.8885454545454037,17
1712916900000,1.8410909090909797,17
1712916930000,1.9381818181817922,17
1712916960000,1.7883636363635484,17
1712916990000,1.7863636363637032,17
1712917020000,1.8776363636364057,17
1712917050000,2.04636363636369,17
1712917080000,2.758000000000043,17
1712917110000,4.17527272727275,17
1712917140000,3.9287272727272726,17
1712917170000,3.296727272727268,17
1712917200000,2.9305454545454275,17
1712917230000,1.857818181818221,17
1712917260000,1.2694545454545079,17
1712917290000,0.6909090909090917,17
1712917320000,0.4707272727272961,17
1712917350000,0.44600000000001294,17
1712917380000,0.44981818181821176,17
1712917410000,0.4565847301291487,17
1712917440000,0.4438181818181799,17
1712917470000,0.44963636363645576,17
1712917500000,0.4474545454545569,17
1712917530000,0.45690909090914344,17
1712917560000,0.46127272727270974,17
1712917590000,0.4467272727273013,17
1712917620000,0.44218181818181357,17
1712917650000,0.4638181818181206,17
1712917680000,0.4761818181817289,17
1712917710000,0.47672727272729465,17
1712917740000,0.46109090909092065,17
1712917770000,0.442727272727247,17
1712917800000,0.442727272727214,17
1712917830000,0.46800000000002984,17
1712917860000,0.4760000000000061,17
1712917890000,0.4430909090908912,17
1712917920000,0.43781818181814847,17
1712917950000,0.4601818181817765,17
1712917980000,0.44090909090912467,17
1712918010000,0.4410909090908477,17
1712918040000,0.43345454545454887,17
1712918070000,0.43945454545458074,17
1712918100000,0.44999999999996765,17
1712918130000,0.46454545454547524,17
1712918160000,0.9187272727273846,17
1712918190000,2.3572727272726217,17
1712918220000,3.539272727272758,17
1712918250000,5.98745454545457,17
1712918280000,6.766727272727241,17
1712918310000,4.528181818181806,17
1712918340000,3.3501818181819547,17
1712918370000,4.5985454545455235,17
1712918400000,5.502363636363589,17
1712918430000,6.664909090909054,17
1712918460000,7.711999999999998,17
1712918490000,7.645818181818157,17
1712918520000,7.914363636363752,17
1712918550000,8.523454545454527,17
1712918580000,9.88272727272726,17
1712918610000,6.107090909090865,17
1712918640000,2.4967272727272025,17
1712918670000,4.38654545454546,17
1712918700000,7.088909090909115,17
1712918730000,7.309636363636442,17
1712918760000,7.9559999999999995,17
1712918790000,5.890181818181867,17
1712918820000,2.442909090909069,17
1712918850000,1.9950909090909015,17
1712918880000,1.882181818181694,17
1712918910000,2.089090909090903,17
1712918940000,2.2825454545454056,17
1712918970000,2.985999999999959,17
1712919000000,4.440727272727269,17
1712919030000,5.450909090909046,17
1712919060000,7.782181818181794,17
1712919090000,8.057090909090833,17
1712919120000,5.324727272727218,17
1712919150000,4.180909090909105,17
1712919180000,3.8670909090908854,17
1712919210000,4.038727272727292,17
1712919240000,5.555636363636289,17
1712919270000,6.089272727272693,17
1712919300000,3.855818181818178,17
1712919330000,2.512727272727319,17
1712919360000,2.3585454545454434,17
1712919390000,2.481818181818183,17
1712919420000,3.554363636363699,17
1712919450000,4.343272727272747,17
1712919480000,3.5914545454545252,17
1712919510000,3.0936363636363575,17
1712919540000,3.0479999999999574,17
1712919570000,3.1389090909090807,17
1712919600000,6.250181818181822,17
1712919630000,10.280545454545425,17
1712919660000,6.6178181818181745,17
1712919690000,2.3589090909091537,17
1712919720000,2.9152727272727637,17
1712919750000,3.889272727272758,17
1712919780000,3.4190909090910946,17
1712919810000,2.5512727272727225,17
1712919840000,3.060727272727242,17
1712919870000,4.058181818181799,17
1712919900000,3.6240000000000947,17
1712919930000,2.583454545454515,17
1712919960000,2.9183636363636416,17
1712919990000,4.047454545454589,17
1712920020000,4.1667272727272415,17
1712920050000,3.8572727272726888,17
1712920080000,4.6079999999999774,17
1712920110000,8.087272727272648,17
1712920140000,9.423090909090918,17
1712920170000,8.9538181818182,17
1712920200000,8.380727272727217,17
1712920230000,6.47109090909094,17
1712920260000,4.479155128012851,17
1712920290000,4.159090909090944,17
1712920320000,4.43799999999997,17
1712920350000,6.249272727272611,17
1712920380000,7.5383636363636795,17
1712920410000,5.836727272727315,17
1712920440000,4.74436363636368,17
1712920470000,4.711090909090821,17
1712920500000,4.972909090909096,17
1712920530000,4.465818181818165,17
1712920560000,4.26272727272722,17
1712920590000,3.3165454545454525,17
1712920620000,2.344363636363547,17
1712920650000,2.466909090909097,17
1712920680000,2.7245454545453285,17
1712920710000,2.8896363636364355,17
1712920740000,1.8016363636363668,17
1712920770000,0.778545454545417,17
1712920800000,0.8081818181817991,17
1712920830000,1.0530909090908782,17
1712920860000,1.165454545454586,17
1712920890000,1.1501818181817898,17
1712920920000,1.2589090909090876,17
1712920950000,1.2438181818181473,17
1712920980000,1.2852727272726712,17
1712921010000,1.3618181818181756,17
1712921040000,1.6685454545455625,17
1712921070000,1.8367272727272819,17
1712921100000,1.7940000000001013,17
1712921130000,1.7510909090909008,17
1712921160000,2.1260000000000385,17
1712921190000,2.391090909090815,17
1712921220000,3.4703636363636186,17
1712921250000,4.593090909090891,17
1712921280000,3.6005454545454683,17
1712921310000,3.111818181818143,17
1712921340000,2.731454545454506,17
1712921370000,2.647818181818102,17
1712921400000,3.00527272727281,17
1712921430000,3.9092727272726986,17
1712921460000,3.5690909090908627,17
1712921490000,2.7374545454545367,17
1712921520000,2.876000000000139,17
1712921550000,3.2752727272726516,17
1712921580000,3.0470909090909126,17
1712921610000,1.6923636363636692,17
1712921640000,1.2414545454544923,17
1712921670000,1.4803636363636388,17
1712921700000,1.5987272727272126,17
1712921730000,1.4774545454545502,17
1712921760000,1.4239999999999955,17
1712921790000,1.4034545454544896,17
1712921820000,1.526363636363551,17
1712921850000,2.379999999999961,17
1712921880000,2.9772727272727284,17
1712921910000,2.686727272727381,17
1712921940000,2.6038181818182324,17
1712921970000,2.627818181818194,17
1712922000000,3.3009090909090784,17
1712922030000,3.446000000000045,17
1712922060000,2.3956363636364344,17
1712922090000,1.8663636363635643,17
1712922120000,1.8959999999999797,17
1712922150000,1.9267272727272944,17
1712922180000,1.797454545454557,17
1712922210000,1.7756363636363617,17
1712922240000,1.8752727272726848,17
1712922270000,2.0878181818182475,17
1712922300000,3.0779999999999497,17
1712922330000,4.5143636363637185,17
1712922360000,3.704000000000054,17
1712922390000,3.3745454545454288,17
1712922420000,2.7994545454545343,17
1712922450000,1.567090909090886,17
1712922480000,1.1556363636363223,17
1712922510000,0.604181818181811,17
1712922540000,0.47636363636365064,17
1712922570000,0.47054545454553964,17
1712922600000,0.46963636363639616,17
1712922630000,0.4589090909090875,17
1712922660000,0.4661818181817754,17
1712922690000,0.45000000000000095,17
1712922720000,0.4496363636363895,17
1712922750000,0.4341818181817383,17
1712922780000,0.4369090909090706,17
1712922810000,0.4438181818182132,17
1712922840000,0.43054545454549364,17
1712922870000,0.43672727272728173,17
1712922900000,0.4492727272728113,17
1712922930000,0.45945454545445497,17
1712922960000,0.44690909090912345,17
1712922990000,0.4692727272727848,17
1712923020000,0.4550909090908889,17
1712923050000,0.4607272727273095,17
1712923080000,0.4616363636363868,17
1712923110000,0.4565454545454001,17
1712923140000,0.4425454545456565,17
1712923170000,0.4539999999999558,17
1712923200000,0.4518181818182554,17
1712923230000,0.5549090909091327,17
1712923260000,0.6000000000001993,17
1712923290000,0.5361818181817818,17
1712923320000,0.5356363636364478,17
1712923350000,0.5318181818182156,17
1712923380000,0.6469090909091568,17
1712923410000,0.829090909091049,17
1712923440000,0.9770909090909389,17
1712923470000,1.2523636363636559,17
1712923500000,1.234909090909027,17
1712923530000,0.9978181818181682,17
1712923560000,1.015818181818131,17
1712923590000,1.4758181818180849,17
1712923620000,1.6632727272727201,17
1712923650000,1.5730909090908516,17
1712923680000,1.4878181818182474,17
1712923710000,1.4636363636364305,17
1712923740000,1.479454545454594,17
1712923770000,2.0441818181818245,17
1712923800000,2.3674545454546623,17
1712923830000,1.405636363636388,17
1712923860000,0.7307272727272498,17
1712923890000,1.0789090909090615,17
1712923920000,1.383818181818127,17
1712923950000,1.3712727272725307,17
1712923980000,1.3687272727273514,17
1712924010000,1.0900000000000474,17
1712924040000,0.737454545454471,17
1712924070000,0.7310909090909269,17
1712924100000,0.7245454545453299,17
1712924130000,0.723272727272707,17
1712924160000,0.7352727272726712,17
1712924190000,0.8705454545453748,17
1712924220000,1.0876363636364914,17
1712924250000,1.229636363636284,17
1712924280000,1.4621818181818864,17
1712924310000,1.324181818181851,17
1712924340000,1.036545454545426,17
1712924370000,0.9585454545454435,17
1712924400000,0.9012727272726567,17
1712924430000,0.9649090909090532,17
1712924460000,1.1814089818260713,17
1712924490000,1.2547272727273433,17
1712924520000,0.9301818181819156,17
1712924550000,0.7892727272725598,17
1712924580000,0.7678181818181417,17
1712924610000,0.8303636363636054,17
1712924640000,0.9814545454544722,17
1712924670000,0.9912727272726369,17
1712924700000,0.874545454545462,17
1712924730000,0.7941818181818572,17
1712924760000,0.8096363636363763,17
1712924790000,0.8292727272725732,17
1712924820000,1.2512727272727555,17
1712924850000,1.603090909090944,17
1712924880000,1.0998181818181456,17
1712924910000,0.7087272727273317,17
1712924940000,0.8558181818181443,17
1712924970000,0.9796363636364491,17
1712925000000,0.8727272727272405,17
1712925030000,0.8016363636363671,17
1712925060000,0.8659999999999201,17
1712925090000,0.991454545454492,17
1712925120000,0.8954545454545796,17
1712925150000,0.7785454545454169,17
1712925180000,0.8545454545453561,17
1712925210000,0.9674545454545965,17
1712925240000,0.9738181818180408,17
1712925270000,0.9129090909092409,17
1712925300000,1.0761942682212382,17
1712925330000,1.375636363636428,17
1712925360000,1.4027272727272668,17
1712925390000,1.4400000000001794,17
1712925420000,1.3436363636362918,17
1712925450000,1.5032727272726671,17
1712925480000,1.5321818181817606,17
1712925510000,0.9510909090907681,17
1712925540000,1.3847272727275355,17
1712925570000,3.287999999999937,17
1712925600000,3.7467272727271688,17
1712925630000,1.9174545454545633,17
1712925660000,1.0318181818181493,17
1712925690000,1.0421818181818798,17
1712925720000,1.0710909090908411,17
1712925750000,1.0069090909091765,17
1712925780000,0.9449090909090467,17
1712925810000,0.8238181818182062,17
1712925840000,0.7054545454547314,17
1712925870000,0.7327272727274589,17
1712925900000,0.7716363636364066,17
1712925930000,1.731272727272683,17
1712925960000,1.6927272727271148,17
1712925990000,0.6083636363635552,17
1712926020000,0.5805454545454606,17
1712926050000,0.6058181818181773,17
1712926080000,0.6227272727272072,17
1712926110000,0.6594545454544218,17
1712926140000,0.7047272727274431,17
1712926170000,0.6834545454543505,17
1712926200000,0.7170909090908197,17
1712926230000,0.7483636363636343,17
1712926260000,0.82599999999994,17
1712926290000,0.8456363636362692,17
1712926320000,0.8485454545454896,17
1712926350000,0.850000000000001,17
1712926380000,0.9223636363636957,17
1712926410000,0.9767272727270964,17
1712926440000,1.3230909090907856,17
1712926470000,1.5836363636364037,17
1712926500000,1.3047272727273107,17
1712926530000,1.0925454545453257,17
1712926560000,1.0350909090907165,17
1712926590000,1.0596363636364092,17
1712926620000,1.2163636363634653,17
1712926650000,1.3970909090909787,17
1712926680000,1.2950909090911005,17
1712926710000,1.0821818181818268,17
1712926740000,1.0698181818181194,17
1712926770000,1.1512727272726564,17
1712926800000,1.1643636363634544,17
1712926830000,0.9230909090910502,17
1712926860000,0.7254545454543744,17
1712926890000,0.7230909090908516,17
1712926920000,0.7870909090907936,17
1712926950000,0.7776363636362402,17
1712926980000,0.7421818181818799,17
1712927010000,0.7323636363637486,17
1712927040000,0.7165454545455188,17
1712927070000,0.828363636363661,17
1712927100000,1.0052727272726778,17
1712927130000,1.0734545454544957,17
1712927160000,1.0872727272726486,17
1712927190000,1.0943636363636138,17
1712927220000,1.2663636363637294,17
1712927250000,1.3358181818182697,17
1712927280000,1.044727272727456,17
1712927310000,0.8378181818182144,17
1712927340000,0.8358181818183361,17
1712927370000,0.852727272727366,17
1712927400000,0.8636363636362983,17
1712927430000,0.8545454545452571,17
1712927460000,0.8358181818180714,17
1712927490000,1.2316363636363272,17
1712927520000,1.418909090909041,17
1712927550000,1.4543636363636,17
1712927580000,1.4298181818181055,17
1712927610000,1.2316363636363272,17
1712927640000,1.0910909090909469,17
1712927670000,0.8454545454544802,17
1712927700000,0.7230260975051159,17
1712927730000,0.5416363636364462,17
1712927760000,0.4610909090907881,17
1712927790000,0.4703636363635526,17
1712927820000,0.4561818181817555,17
1712927850000,0.45581818181804523,17
1712927880000,0.4425454545455243,17
1712927910000,0.4421818181818137,17
1712927940000,0.4545454545453891,17
1712927970000,0.44545454545448004,17
1712928000000,0.4434545454546017,17
1712928030000,0.4607272727272099,17
1712928060000,0.45000000000000084,17
1712928090000,0.4596363636364095,17
1712928120000,0.44454545454566685,17
1712928150000,0.44763636363661063,17
1712928180000,0.44072727272723633,17
1712928210000,0.43909090909106874,17
1712928240000,0.43345454545454853,17
1712928270000,0.44272727272711476,17
1712928300000,0.44800000000005646,17
1712928330000,0.44254545454539174,17
1712928360000,0.45272727272710167,17
1712928390000,0.4530909090909443,17
1712928420000,0.4561818181816233,17
1712928450000,0.4518181818182222,17
1712928480000,0.44163636363618164,17
1712928510000,0.46345454545450926,17
1712928540000,0.47272727272727355,17
1712928570000,0.4721818181819061,17
1712928600000,0.6105454545452889,17
1712928630000,1.07436363636364,17
1712928660000,1.4634545454545091,17
1712928690000,2.269272727272686,17
1712928720000,2.4996363636363554,17
1712928750000,1.8314545454546707,17
1712928780000,1.445090909090836,17
1712928810000,2.545818181818454,17
1712928840000,3.4818181818181815,17
1712928870000,3.0656363636364414,17
1712928900000,2.950181818181724,17
1712928930000,2.79636363636369,17
1712928960000,2.799454545454369,17
1712928990000,3.848181818181779,17
1712929020000,5.449090909090923,17
1712929050000,3.428727272727305,17
1712929080000,1.1058181818181771,17
1712929110000,1.6232727272727066,17
1712929140000,2.4750909090909943,17
1712929170000,2.585090909090916,17
1712929200000,2.6603636363638303,17
1712929230000,2.2709090909091842,17
1712929260000,1.208909090909187,17
1712929290000,1.0160000000002176,17
1712929320000,0.9998181818182117,17
1712929350000,1.0867272727274138,17
1712929380000,1.1494545454545673,17
1712929410000,1.3114545454544988,17
1712929440000,1.741818181817971,17
1712929470000,2.093272727272681,17
1712929500000,2.5965454545454794,17
1712929530000,2.6870909090909914,17
1712929560000,2.0721818181818397,17
1712929590000,1.7169090909090308,17
1712929620000,1.5958181818182569,17
1712929650000,1.5603636363635651,17
1712929680000,2.0169090909088982,17
1712929710000,2.273272727272575,17
1712929740000,1.6258181818182171,17
1712929770000,1.1921818181818797,17
1712929800000,1.1634545454545093,17
1712929830000,1.2161818181818085,17
1712929860000,1.50745454545461,17
1712929890000,1.814363636363653,17
1712929920000,1.550181818181856,17
1712929950000,1.3192727272729505,17
1712929980000,1.3038181818179682,17
1712930010000,1.3516363636365654,17
1712930040000,2.19163636363638,17
1712930070000,3.3625454545454976,17
1712930100000,2.422909090909195,17
1712930130000,1.1440000000000354,17
1712930160000,1.296545454545479,17
1712930190000,1.6167272727273079,17
1712930220000,1.442909090909036,17
1712930250000,1.1318181818180504,17
1712930280000,1.2643636363637192,17
1712930310000,1.6560000000000987,17
1712930340000,1.5865454545452282,17
1712930370000,1.1938181818181803,17
1712930400000,1.2403636363637243,17
1712930430000,1.721818181818394,17
1712930460000,1.8394545454545805,17
1712930490000,1.628363636363595,17
1712930520000,1.82963636363625,17
1712930550000,2.559090909090777,17
1712930580000,2.843272727272746,17
1712930610000,3.9604783366801604,17
1712930640000,4.057454545454543,17
1712930670000,2.0145454545455745,17
1712930700000,1.603090909090878,17
1712930730000,1.7805454545455264,17
1712930760000,1.9592727272724346,17
1712930790000,5.153636363636442,17
1712930820000,7.3990909090907895,17
1712930850000,4.231818181818315,17
1712930880000,1.9254545454545067,17
1712930910000,1.8974545454544907,17
1712930940000,1.966727272727374,17
1712930970000,1.8185454545453315,17
1712931000000,1.7352727272729025,17
1712931030000,1.412909090909076,17
1712931060000,1.0867272727271495,17
1712931090000,1.1190909090906977,17
1712931120000,1.2252727272727832,17
1712931150000,1.5832727272726936,17
1712931180000,1.2641818181817317,17
1712931210000,0.6069090909092425,17
1712931240000,0.5861818181819141,17
1712931270000,0.607636363636465,17
1712931300000,0.6145454545456404,17
1712931330000,0.7472397734091392,17
1712931360000,0.9296363636361843,17
1712931390000,0.7803636363638037,17
1712931420000,0.7216363636363406,17
1712931450000,0.7134545454545093,17
1712931480000,0.8050909090910211,17
1712931510000,0.852909090909089,17
1712931540000,0.8585454545456086,17
1712931570000,0.8512727272727227,17
1712931600000,0.9478181818181352,17
1712931630000,1.0621818181817209,17
1712931660000,1.3083808998013366,17
1712931690000,1.6381818181819248,17
1712931720000,1.3776363636365048,17
1712931750000,1.0985454545454896,17
1712931780000,1.0669090909090968,17
1712931810000,1.095272727272625,17
1712931840000,1.174363636363772,17
1712931870000,1.3929090909091022,17
1712931900000,1.366545454545585,17
1712931930000,1.1765454545454397,17
1712931960000,1.1094545454545541,17
1712931990000,1.1738181818179418,17
1712932020000,1.1925454545454577,17
1712932050000,0.9369090909091368,17
1712932080000,0.7029090909090228,17
1712932110000,0.7607272727272761,17
1712932140000,0.8163636363635977,17
1712932170000,0.7832727272728922,17
1712932200000,0.7609090909091974,17
1712932230000,0.7665490915704477,17
1712932260000,0.7605454545454212,17
1712932290000,0.8396363636363695,17
1712932320000,1.005636363636388,17
1712932350000,1.0721818181817078,17
1712932380000,1.1274545454545166,17
1712932410000,1.0790909090908833,17
1712932440000,1.2327272727272605,17
1712932470000,1.414545454545376,17
1712932500000,1.1579999999999773,17
1712932530000,0.9139999999998767,17
1712932560000,0.9416363636363799,17
1712932590000,0.9258181818183494,17
1712932620000,0.8725454545455505,17
1712932650000,0.829272727272805,17
1712932680000,0.8310909090908941,17
1712932710000,1.2625454545456298,17
1712932740000,1.4321818181821575,17
1712932770000,1.3687272727273183,17
1712932800000,1.4812727272728152,17
1712932830000,1.3221818181818406,17
1712932860000,1.2485454545454235,17
1712932890000,0.9350909090910475,17
1712932920000,0.7665454545454529,17
1712932950000,0.6267272727272946,17
1712932980000,0.4730909090911162,17
1712933010000,0.48218181818156247,17
1712933040000,0.4818181818181826,17
1712933070000,0.4714545454542869,17
1712933100000,0.47454545454556096,17
1712933130000,0.45890909090905485,17
1712933160000,0.4541818181818773,17
1712933190000,0.468363636363476,17
1712933220000,0.48745454545437183,17
1712933250000,0.4730909090908516,17
1712933280000,0.44854545454555594,17
1712933310000,0.48163636363626117,17
1712933340000,0.46472727272742964,17
1712933370000,0.4681818181822157,17
1712933400000,0.4670909090909524,17
1712933430000,0.5241465137768537,17
1712933460000,0.5045454545453895,17
1712933490000,0.4587272727275965,17
1712933520000,0.4561818181817555,17
1712933550000,0.44563636363626913,17
1712933580000,0.44981818181821176,17
1712933610000,0.45799999999984464,17
1712933640000,0.45018181818192227,17
1712933670000,0.45309090909101035,17
1712933700000,0.43818181818185875,17
1712933730000,0.44418181818162605,17
1712933760000,0.46872727272738446,17
1712933790000,0.4763636363635181,17
1712933820000,0.48581818181826975,17
1712933850000,1.850545454545368,17
1712933880000,2.929454545454395,17
1712933910000,4.892363636363801,17
1712933940000,7.0059999999999,17
1712933970000,4.850727272727488,17
1712934000000,3.1487272727271467,17
1712934030000,4.171454545454419,17
1712934060000,5.664545454545442,17
1712934090000,6.269636363636461,17
1712934120000,7.133090909090905,17
1712934150000,7.116545454545519,17
1712934180000,7.207272727272754,17
1712934210000,7.929818181818303,17
1712934240000,9.297090909090846,17
1712934270000,7.285818181818138,17
1712934300000,3.074181818181983,17
1712934330000,3.3200000000000403,17
1712934360000,5.803272727272733,17
1712934390000,6.529636363636382,17
1712934420000,6.969454545454871,17
1712934450000,6.341818181818235,17
1712934480000,3.1858181818181373,17
1712934510000,1.8965454545452145,17
1712934540000,1.8496363636364226,17
1712934570000,1.9585454545453436,17
1712934600000,2.1274545454544507,17
1712934630000,2.439818181818225,17
1712934660000,3.8610909090909216,17
1712934690000,4.838363636363382,17
1712934720000,6.6212727272728955,17
1712934750000,8.246363636363556,17
1712934780000,5.994727272727191,17
1712934810000,4.224363636363639,17
1712934840000,3.78490909090906,17
1712934870000,3.6483636363637664,17
1712934900000,4.9394545454545815,17
1712934930000,6.442727272727379,17
1712934960000,4.316363636363663,17
1712934990000,2.575636363636428,17
1712935020000,2.3992727272728445,17
1712935050000,2.4009090909089466,17
1712935080000,3.04632477849934,17
1712935110000,4.070181818181962,17
1712935140000,3.6713114330253735,17
1712935170000,3.0461818181817026,17
1712935200000,2.97454545454576,17
1712935230000,3.0392727272728566,17
1712935260000,4.988363636363779,17
1712935290000,8.68999999999988,17
1712935320000,7.435272727272638,17
1712935350000,3.250363636363711,17
1712935380000,2.5398588047829977,17
1712935410000,3.502181818181999,17
1712935440000,3.551818181818288,17
1712935470000,2.6883636363635164,17
1712935500000,2.639636363636436,17
1712935530000,3.7330909090909703,17
1712935560000,3.9778181818181606,17
1712935590000,2.8660000000002834,17
1712935620000,2.4681818181820177,17
1712935650000,3.551090909091,17
1712935680000,4.135090909091048,17
1712935710000,3.8663636363637295,17
1712935740000,3.7936363636365233,17
1712935770000,6.1196363636363955,17
1712935800000,7.6894545454545815,17
1712935830000,7.43927272727266,17
1712935860000,8.149454545454436,17
1712935890000,6.880727272727382,17
1712935920000,4.60346843012075,17
1712935950000,3.8461818181817025,17
1712935980000,4.210363636363764,17
1712936010000,5.491454545454657,17
1712936040000,7.406363636363609,17
1712936070000,6.24072727272717,17
1712936100000,4.599272727272778,17
1712936130000,4.375454545454639,17
1712936160000,4.417090909090952,17
1712936190000,4.294727272727191,17
1712936220000,3.9978181818182668,17
1712936250000,3.3925454545455906,17
1712936280000,2.399090909090791,17
1712936310000,2.2418181818183687,17
1712936340000,2.4987272727273444,17
1712936370000,2.84763636363628,17
1712936400000,1.896909090908991,17
1712936430000,0.8105454545455534,17
1712936460000,0.8394545454546467,17
1712936490000,0.874545454545363,17
1712936520000,0.9909090909090917,17
1712936550000,1.0958181818181243,17
1712936580000,1.2038181818181664,17
1712936610000,1.2516363636363006,17
1712936640000,1.3070909090909653,17
1712936670000,1.391454545454657,17
1712936700000,1.6643636363636536,17
1712936730000,1.965818181818164,17
1712936760000,1.9018181818182889,17
1712936790000,1.8621818181817207,17
1712936820000,2.050545454545434,17
1712936850000,2.4338181818182596,17
1712936880000,3.0839999999999166,17
1712936910000,4.448181818181846,17
1712936940000,4.022727272727206,17
1712936970000,3.061454545454433,17
1712937000000,2.8903636363635914,17
1712937030000,2.7563636363636763,17
1712937060000,2.811636363636552,17
1712937090000,3.6607272727272098,17
1712937120000,4.000909090908946,17
1712937150000,3.7041818181819433,17
1712937180000,3.395272727272956,17
1712937210000,3.2781818181818725,17
1712937240000,3.5232727272727735,17
1712937270000,2.2094545454546206,17
1712937300000,1.37218181818184,17
1712937330000,1.464727272727297,17
1712937360000,1.6319999999999053,17
1712937390000,1.58072727272725,17
1712937420000,1.5400000000000142,17
1712937450000,1.5198181818181193,17
1712937480000,1.5341818181819697,17
1712937510000,1.8799999999999613,17
1712937540000,2.6739999999999293,17
1712937570000,2.806727272727387,17
1712937600000,2.7538181818181666,17
1712937630000,2.725090909090928,17
1712937660000,3.1949090909091127,17
1712937690000,3.9740000000001277,17
1712937720000,2.8105454545455535,17
1712937750000,1.948909090908936,17
1712937780000,1.944000000000035,17
1712937810000,2.0738181818184707,17
1712937840000,1.879999999999961,17
1712937870000,1.770545454545474,17
1712937900000,1.841636363636248,17
1712937930000,2.0334545454545485,17
1712937960000,2.6209090909091852,17
1712937990000,3.9854545454545596,17
1712938020000,4.073272727272706,17
1712938050000,3.5500000000001326,17
1712938080000,3.255636363636256,17
1712938110000,2.13109090909096,17
1712938140000,1.5038181818181666,17
1712938170000,0.820363636363685,17
1712938200000,0.46218181818165494,17
1712938230000,0.4672727272727415,17
1712938260000,0.45363636363651005,17
1712938290000,0.44945454545469965,17
1712938320000,0.46872727272731873,17
1712938350000,0.4601818181818431,17
1712938380000,0.45745454545441133,17
1712938410000,0.46618181818187454,17
1712938440000,0.4627272727271544,17
1712938470000,0.4699999999999743,17
1712938500000,0.46454545454570684,17
1712938530000,0.46163636363622174,17
1712938560000,0.46927272727288405,17
1712938590000,0.485090909090915,17
1712938620000,0.4727272727273397,17
1712938650000,0.45218181818180025,17
1712938680000,0.45109090909073557,17
1712938710000,0.4520000000000113,17
1712938740000,0.4394545454544483,17
1712938770000,0.4434545454544694,17
1712938800000,0.4459999999999136,17
1712938830000,0.44927272727277845,17
1712938860000,0.4529090909091553,17
1712938890000,0.47145454545455157,17
1712938920000,0.45272727272729985,17
1712938950000,0.4492727272729107,17
1712938980000,0.4616363636362878,17
1712939010000,0.4519999999999451,17
1712939040000,0.6425454545454582,17
1712939070000,2.3480000000001224,17
1712939100000,3.556909090909044,17
1712939130000,7.572727272727141,17
1712939160000,11.008181818181699,17
1712939190000,6.935636363636348,17
1712939220000,3.7667272727272407,17
1712939250000,4.630181818181817,17
1712939280000,5.935636363636348,17
1712939310000,7.036000000000125,17
1712939340000,8.671818181818196,17
1712939370000,9.603090909090813,17
1712939400000,10.860545454545486,17
1712939430000,9.776000000000007,17
1712939460000,9.46127272727284,17
1712939490000,9.139818181818224,17
1712939520000,9.015090909090809,17
1712939550000,7.454909090909232,17
1712939580000,3.6781818181818045,17
1712939610000,3.742181818181946,17
1712939640000,6.75818181818163,17
1712939670000,7.973818181818207,17
1712939700000,8.679272727272672,17
1712939730000,8.267454545454529,17
1712939760000,4.231999999999971,17
1712939790000,2.271454545454551,17
1712939820000,2.1472727272727017,17
1712939850000,2.211454545454763,17
1712939880000,2.4652727272728634,17
1712939910000,2.709999999999855,17
1712939940000,4.305818181818309,17
1712939970000,5.47818181818174,17
1712940000000,7.3821818181818255,17
1712940030000,9.549090909091055,17
1712940060000,7.040909090909224,17
1712940090000,5.188363636363514,17
1712940120000,4.531272727272814,17
1712940150000,4.2330909090909055,17
1712940180000,5.540363636363659,17
1712940210000,7.373454545454561,17
1712940240000,5.428545454545383,17
1712940270000,2.9570909090910966,17
1712940300000,2.716363636363465,17
1712940330000,2.7723636363635626,17
1712940360000,3.4650909090908755,17
1712940390000,4.721818181818129,17
1712940420000,4.511272727272708,17
1712940450000,3.5918181818183674,17
1712940480000,3.3561818181819536,17
1712940510000,3.419272727272686,17
1712940540000,4.909818181818265,17
1712940570000,8.754909090909232,17
1712940600000,8.599272727272844,17
1712940630000,4.203454545454655,17
1712940660000,2.7927272727271806,17
1712940690000,3.8507272727274877,17
1712940720000,4.760000000000121,17
1712940750000,3.8641818181817316,17
1712940780000,2.9596363636365415,17
1712940810000,4.283454545454615,17
1712940840000,4.803454545454522,17
1712940870000,3.4803636363637374,17
1712940900000,2.735454545454295,17
1712940930000,3.9552727272726114,17
1712940960000,4.89799999999999,17
1712940990000,4.530909090908906,17
1712941020000,4.431999999999773,17
1712941050000,6.897090909090911,17
1712941080000,9.620545454545672,17
1712941110000,10.245090909091035,17
1712941140000,12.057090909090899,17
1712941170000,8.235272727272704,17
1712941200000,4.408000000000043,17
1712941230000,4.417090909091018,17
1712941260000,4.718727272727185,17
1712941290000,5.482000000000102,17
1712941320000,6.982909090908984,17
1712941350000,6.7729090909093275,17
1712941380000,5.429818181818371,17
1712941410000,5.135636363636415,17
1712941440000,5.231999999999905,17
1712941470000,5.164727272727362,17
1712941500000,4.83436363636389,17
1712941530000,4.3354545454546916,17
1712941560000,3.117818181818175,17
1712941590000,2.5774545454547146,17
1712941620000,2.819454545454475,17
1712941650000,3.0572727272730855,17
1712941680000,2.60254545454518,17
1712941710000,1.2378181818182803,17
1712941740000,0.8069090909092426,17
1712941770000,0.8287272727273053,17
1712941800000,0.962909090909142,17
1712941830000,1.094727272727456,17
1712941860000,1.216181818182007,17
1712941890000,1.3443636363636131,17
1712941920000,1.3190909090908964,17
1712941950000,1.3838181818183917,17
1712941980000,1.5672727272729394,17
1712942010000,1.8761818181813315,17
1712942040000,1.9141818181817323,17
1712942070000,1.860181818182239,17
1712942100000,2.0079999999999765,17
1712942130000,2.418000000000162,17
1712942160000,2.8679999999999644,17
1712942190000,4.198727272727279,17
1712942220000,4.264545454545574,17
1712942250000,3.313454545454641,17
1712942280000,2.9589090909090543,17
1712942310000,2.7612727272727753,17
1712942340000,2.616909090909031,17
1712942370000,3.4340000000000486,17
1712942400000,4.160363636363566,17
1712942430000,3.6165454545454523,17
1712942460000,3.273090909090786,17
1712942490000,3.0218181818179968,17
1712942520000,3.661454545454631,17
1712942550000,2.5647272727275623,17
1712942580000,1.3380816619978049,17
1712942610000,1.424181818181785,17
1712942640000,1.5870909090909258,17
1712942670000,1.5929090909089698,17
1712942700000,1.5207272727272632,17
1712942730000,1.466363636363928,17
1712942760000,1.482181818181893,17
1712942790000,1.572181818181774,17
1712942820000,2.322000000000051,17
1712942850000,2.711454545454764,17
1712942880000,2.7194545454543424,17
1712942910000,2.8898181818184234,17
1712942940000,3.082181818181563,17
1712942970000,3.8385454545453705,17
1712943000000,3.0232727272729716,17
1712943030000,1.9460000000002444,17
1712943060000,1.9583636363636876,17
1712943090000,2.0323636363635496,17
1712943120000,1.9150909090909418,17
1712943150000,1.8447272727272574,17
1712943180000,1.8750909090907297,17
1712943210000,2.0443636363638125,17
1712943240000,2.3658181818182964,17
1712943270000,3.742363636363536,17
1712943300000,4.19509090909077,17
1712943330000,3.6492727272725136,17
1712943360000,3.546181818181702,17
1712943390000,2.3745454545455607,17
1712943420000,1.5674545454546625,17
1712943450000,0.9467272727272682,17
1712943480000,0.4721818181819063,17
1712943510000,0.45872727272746405,17
1712943540000,0.45290909090922116,17
1712943570000,0.46072727272721015,17
1712943600000,0.45400000000002205,17
1712943630000,0.46345454545450904,17
1712943660000,0.47127272727302716,17
1712943690000,0.4623636363637086,17
1712943720000,0.46327272727291846,17
1712943750000,0.47690909090921596,17
1712943780000,0.4496363636363564,17
1712943810000,0.46400000000000885,17
1712943840000,0.44690909090952047,17
1712943870000,0.49236363636366876,17
1712943900000,0.46981818181831747,17
1712943930000,0.4634545454543769,17
1712943960000,0.45945454545448805,17
1712943990000,0.45472727272697977,17
1712944020000,0.45509090909075645,17
1712944050000,0.4458181818185213,17
1712944080000,0.47454545454542874,17
1712944110000,0.5203636363637508,17
1712944140000,0.503272727272601,17
1712944170000,0.47872727272730564,17
1712944200000,0.47818181818167327,17
1712944230000,0.48890909090914714,17
1712944260000,0.4903636363636583,17
1712944290000,0.456661314826589,17
1712944320000,0.47581818181834934,17
1712944350000,1.246000000000046,17
1712944380000,1.9527272727272997,17
1712944410000,3.5152727272726643,17
1712944440000,5.213636363636167,17
1712944470000,3.5754545454544413,17
1712944500000,2.0972727272725695,17
1712944530000,3.3205454545454085,17
1712944560000,5.170545454545474,17
1712944590000,5.047090909091043,17
1712944620000,4.5821818181818275,17
1712944650000,4.662181818181589,17
1712944680000,4.949272727273042,17
1712944710000,5.9138181818181526,17
1712944740000,8.36550179662879,17
1712944770000,7.253999999999889,17
1712944800000,2.9398181818180262,17
1712944830000,2.092181818181814,17
1712944860000,3.602181818181669,17
1712944890000,4.148545454545555,17
1712944920000,4.503272727272469,17
1712944950000,4.577272727272661,17
1712944980000,2.4007272727271567,17
1712945010000,1.4541818181819433,17
1712945040000,1.3978181818183333,17
1712945070000,1.4443636363637458,17
1712945100000,1.5280000000001492,17
1712945130000,1.5903636363636582,17
1712945160000,2.4425454545455243,17
1712945190000,3.056181818181689,17
1712945220000,4.0436363636361925,17
1712945250000,5.1492727272728445,17
1712945280000,3.7476363636363454,17
1712945310000,2.7105454545455534,17
1712945340000,2.407636363636465,17
1712945370000,2.2974545454544906,17
1712945400000,2.9070909090907673,17
1712945430000,3.863636363636431,17
1712945460000,2.9412727272726036,17
1712945490000,1.7576363636363985,17
1712945520000,1.5985454545452913,17
1712945550000,2.09981818181841,17
1712945580000,2.4293029234121386,17
1712945610000,2.61800000000003,17
1712945640000,2.3847272727272046,17
1712945670000,2.0152727272724,17
1712945700000,1.9590909090909756,17
1712945730000,1.956545454545466,17
1712945760000,2.8258181818179517,17
1712945790000,4.844545454545468,17
1712945820000,4.6429090909090345,17
1712945850000,2.347272727272569,17
1712945880000,1.6587272727276625,17
1712945910000,2.248363636363105,17
1712945940000,2.369272727272885,17
1712945970000,1.8396082985411122,17
1712946000000,1.6614545454548955,17
1712946030000,2.3050909090906906,17
1712946060000,2.5901818181816045,17
1712946090000,2.003818181818233,17
1712946120000,1.68399999999985,17
1712946150000,2.255818181818508,17
1712946180000,2.7178181818182403,17
1712946210000,2.555090909091021,17
1712946240000,2.407090909090635,17
1712946270000,3.6607272727276063,17
1712946300000,4.752363636363457,17
1712946330000,4.6118181818180775,17
1712946360000,4.853818181818563,17
1712946390000,4.749818181818145,17
1712946420000,4.417272727273336,17
1712946450000,3.39593091334722,17
1712946480000,2.725636363636428,17
1712946510000,4.470000000000371,17
1712946540000,7.0367272727277435,17
1712946570000,5.525818181818282,17
1712946600000,3.1690909090910946,17
1712946630000,2.9718181818185263,17
1712946660000,2.9501818181819877,17
1712946690000,2.821818181818262,17
1712946720000,2.628909090908631,17
1712946750000,2.3754545454549696,17
1712946780000,1.7345454545456134,17
1712946810000,1.5581818181821627,17
1712946840000,1.7172727272729398,17
1712946870000,1.870727272727131,17
1712946900000,1.6903636363636585,17
1712946930000,0.92854545454545,17
1712946960000,0.658181818182163,17
1712946990000,0.6658181818183624,17
1712947020000,0.7100000000001858,17
1712947050000,0.7634545454545093,17
1712947080000,0.8938181818179816,17
1712947110000,0.946727272727136,17
1712947140000,0.9303636363640024,17
1712947170000,0.9432727272729448,17
1712947200000,1.085636363636481,17
1712947230000,1.2794545454543291,17
1712947260000,1.287636363636359,17
1712947290000,1.2250909090907296,17
1712947320000,1.2714545454548158,17
1712947350000,1.5199999999997098,17
1712947380000,1.8061818181818876,17
1712947410000,2.4089090909089226,17
1712947440000,2.3381818181817926,17
1712947470000,1.9023636363635896,17
1712947500000,1.7672727272729398,17
1712947530000,1.6832727272728918,17
1712947560000,1.6850909090910475,17
1712947590000,2.0338181818180607,17
1712947620000,2.3419999999998256,17
1712947650000,1.9887272727270937,17
1712947680000,1.8358181818182036,17
1712947710000,1.9492727272725805,17
1712947740000,2.1503636363633145,17
1712947770000,1.5609090909091972,17
1712947800000,1.040545454545513,17
1712947830000,1.0258181818178862,17
1712947860000,1.1752727272725851,17
1712947890000,1.1081818181818983,17
1712947920000,1.0052727272730084,17
1712947950000,1.038909090909081,17
1712947980000,1.069454545454144,17
1712948010000,1.1560000000001647,17
1712948040000,1.5703636363638172,17
1712948070000,1.6892727272730559,17
1712948100000,1.6485454545454234,17
1712948130000,1.5850909090910472,17
1712948160000,1.9283636363634629,17
1712948190000,2.174181818181189,17
1712948220000,1.6454545454545464,17
1712948250000,1.2840000000000489,17
1712948280000,1.2883636363637798,17
1712948310000,1.3130909090906662,17
1712948340000,1.184000000000048,17
1712948370000,1.1896363636366343,17
1712948400000,1.2294545454543293,17
1712948430000,1.363818181818087,17
1712948460000,1.743454545454271,17
1712948490000,2.366363636363399,17
1712948520000,2.308181818181766,17
1712948550000,2.0018181818182885,17
1712948580000,1.7290909090910156,17
1712948610000,1.1809090909093034,17
1712948640000,0.9101818181819089,17
1712948670000,0.5836363636362059,17
1712948700000,0.452363636363854,17
1712948730000,0.4443636363635475,17
1712948760000,0.46909090909096307,17
1712948790000,0.4690909090908305,17
1712948820000,0.4630909090909312,17
1712948850000,0.4658181818182303,17
1712948880000,0.4580000000001755,17
1712948910000,0.4529090909091553,17
1712948940000,0.4480000000001225,17
1712948970000,0.442000000000223,17
1712949000000,0.44763636363628,17
1712949030000,0.44399999999983697,17
1712949060000,0.4361818181817817,17
1712949090000,0.41145454545449867,17
1712949120000,0.4098181818178016,17
1712949150000,0.43454545454548177,17
1712949180000,0.44272727272711465,17
1712949210000,0.41945454545440897,17
1712949240000,0.4069090909095734,17
1712949270000,0.4129090909088112,17
1712949300000,0.43181818181818243,17
1712949330000,0.43909090909080406,17
1712949360000,0.4176363636358562,17
1712949390000,0.4327272727273265,17
1712949420000,0.4281818181820044,17
1712949450000,0.40418181818227406,17
1712949480000,0.42545454545470496,17
1712949510000,0.4198181818183837,17
1712949540000,0.40982878754854046,17
1712949570000,0.4260000000002705,17
1712949600000,0.4005454545450374,17
1712949630000,0.4003636363633145,17
1712949660000,0.40527272727247954,17
1712949690000,0.4229090909092609,17
1712949720000,0.4274545454548476,17
1712949750000,0.4183636363634097,17
1712949780000,0.407272727273019,17
1712949810000,0.4152727272727966,17
1712949840000,0.4225454545451538,17
1712949870000,0.4127272727270882,17
1712949900000,0.40400000000015435,17
1712949930000,0.40963636363594635,17
1712949960000,0.438545454545503,17
1712949990000,0.4303636363634733,17
1712950020000,0.40709090909076684,17
1712950050000,0.41981818181825126,17
1712950080000,0.408181818181369,17
1712950110000,0.42854545454558246,17
1712950140000,0.44999999999973617,17
1712950170000,0.42381818181787545,17
1712950200000,0.4138181818184844,17
1712950230000,0.4309090909089063,17
1712950260000,0.4050909090910212,17
1712950290000,0.39672727272766506,17
1712950320000,0.3927272727273792,17
1712950350000,0.42472727272754873,17
1712950380000,0.42363636363654955,17
1712950410000,0.40436363636346784,17
1712950440000,0.4014545454544458,17
1712950470000,0.38636363636363735,17
1712950500000,0.3849090909091921,17
1712950530000,0.4212727272728286,17
1712950560000,0.4207272727273954,17
1712950590000,0.40527272727287633,17
1712950620000,0.40181818181802387,17
1712950650000,0.39836363636370054,17
1712950680000,0.41163636363688305,17
1712950710000,0.4194545454546732,17
1712950740000,0.43272727272759093,17
1712950770000,0.4221818181814434,17
1712950800000,0.3921818181816814,17
1712950830000,0.4012727272728549,17
1712950860000,0.42127272727296106,17
1712950890000,0.4203636363636849,17
1712950920000,0.4278181818178971,17
1712950950000,0.46163636363661853,17
1712950980000,0.43600000000032346,17
1712951010000,0.39418181818169185,17
1712951040000,0.3905454545455135,17
1712951070000,0.3916363636363801,17
1712951100000,0.3930909090906931,17
1712951130000,0.40072727272755393,17
1712951160000,0.41290909090934036,17
1712951190000,0.41690909090883244,17
1712951220000,0.4289090909095574,17
1712951250000,0.40145454545457804,17
1712951280000,0.40381818181829887,17
1712951310000,0.4465454545451484,17
1712951340000,0.423818181818008,17
1712951370000,0.40400000000015446,17
1712951400000,0.4349090909091926,17
1712951430000,0.4472727272729663,17
1712951460000,0.45418181818214143,17
1712951490000,0.42854545454531767,17
1712951520000,0.42109090909097346,17
1712951550000,0.40527272727247954,17
1712951580000,0.40618181818202004,17
1712951610000,0.40672727272705644,17
1712951640000,0.4181818181822159,17
1712951670000,0.40909090909090995,17
1712951700000,0.38854545454550304,17
1712951730000,0.39800000000038716,17
1712951760000,0.3921818181820783,17
1712951790000,0.4201818181823589,17
1712951820000,0.3969090909091234,17
1712951850000,0.3930909090908252,17
1712951880000,0.40581818181791274,17
1712951910000,0.41472727272749554,17
1712951940000,0.3952727272725588,17
1712951970000,0.39127272727280205,17
1712952000000,0.40818181818150157,17
1712952030000,0.47727272727272796,17
1712952060000,0.4829090909095787,17
1712952090000,0.4140000000002074,17
1712952120000,0.3961818181818346,17
1712952150000,0.4049090909090337,17
1712952180000,0.4119999999999322,17
1712952210000,0.408727272727596,17
1712952240000,0.40654545454506896,17
1712952270000,0.3834545454550119,17
1712952300000,0.3919999999998264,17
1712952330000,0.397636363636809,17
1712952360000,0.4050909090907564,17
1712952390000,0.4023636363638541,17
1712952420000,0.39399999999970436,17
1712952450000,0.40672727272745335,17
1712952480000,0.41218181818178734,17
1712952510000,0.3989090909092665,17
1712952540000,0.40054545454556645,17
1712952570000,0.4119999999999321,17
1712952600000,0.4159999999995563,17
1712952630000,0.4150909090910738,17
1712952660000,0.42127272727309306,17
1712952690000,0.4280000000000167,17
1712952720000,0.4176363636369146,17
1712952750000,0.41472727272709886,17
1712952780000,0.4332727272728919,17
1712952810000,0.4407272727272368,17
1712952840000,0.44345454545440355,17
1712952870000,0.4661818181811467,17
1712952900000,0.46763636363612093,17
1712952930000,0.4701818181818296,17
1712952960000,0.4907272727272365,17
1712952990000,0.5092727272726326,17
1712953020000,0.4918181818181032,17
1712953050000,0.43890909090894903,17
1712953080000,0.4281818181817397,17
1712953110000,0.42818181818187206,17
1712953140000,0.4185454545455294,17
1712953170000,0.43581818181820375,17
1712953200000,0.44454545454566696,17
1712953230000,0.4370909090910581,17
1712953260000,0.42345454545482697,17
1712953290000,0.42818181818160717,17
1712953320000,0.4198181818179868,17
1712953350000,0.41999999999984206,17
1712953380000,0.41363636363662903,17
1712953410000,0.4312727272730138,17
1712953440000,0.4454545454544139,17
1712953470000,0.46963636363639627,17
1712953500000,0.4818181818181825,17
1712953530000,0.4667272727272418,17
1712953560000,0.4659999999998208,17