"Time","Memory Requested","Memory Used"
1712906760000,23051722752,13801238528
1712906790000,23051722752,13804478464
1712906820000,23051722752,13835718656
1712906850000,23051722752,13798633472
1712906880000,23051722752,13848297472
1712906910000,23051722752,13786738688
1712906940000,23051722752,13908246528
1712906970000,23051722752,13818281984
1712907000000,23051722752,13807472640
1712907030000,23051722752,13843447808
1712907060000,23051722752,13831380992
1712907090000,23051722752,13849870336
1712907120000,23051722752,13846548480
1712907150000,23051722752,13900173312
1712907180000,23051722752,13973950464
1712907210000,23051722752,13962137600
1712907240000,23051722752,13949919232
1712907270000,23051722752,13971513344
1712907300000,23051722752,13951193088
1712907330000,23051722752,13920227328
1712907360000,23051722752,14820884480
1712907390000,23051722752,14990876672
1712907420000,23051722752,15244951552
1712907450000,23051722752,14935015424
1712907480000,23051722752,14925312000
1712907510000,23051722752,14890278912
1712907540000,23051722752,14832668672
1712907570000,23051722752,14884773888
1712907600000,23051722752,14929506304
1712907630000,23051722752,14854844416
1712907660000,23051722752,14937919488
1712907690000,23051722752,15581224960
1712907720000,23051722752,16242368512
1712907750000,23051722752,18532843520
1712907780000,23051722752,18983911424
1712907810000,23051722752,18470559744
1712907840000,23051722752,18304294912
1712907870000,23051722752,18339049472
1712907900000,23051722752,18400423936
1712907930000,23051722752,18380013568
1712907960000,23051722752,18410721280
1712907990000,23051722752,19032330240
1712908020000,23051722752,19184480256
1712908050000,23051722752,19202772992
1712908080000,23051722752,19138125824
1712908110000,23051722752,18745561088
1712908140000,23051722752,18840137728
1712908170000,23051722752,18607206400
1712908200000,23051722752,18365816832
1712908230000,23051722752,18462728192
1712908260000,23051722752,18518196224
1712908290000,23051722752,18171797504
1712908320000,23051722752,18071965696
1712908350000,23051722752,18084110336
1712908380000,23051722752,17907118080
1712908410000,23051722752,17771978752
1712908440000,23051722752,17710940160
1712908470000,23051722752,17941176320
1712908500000,23051722752,17831030784
1712908530000,23051722752,18004717568
1712908560000,23051722752,18441199616
1712908590000,23051722752,18251112448
1712908620000,23051722752,17405026304
1712908650000,23051722752,17700216832
1712908680000,23051722752,17996718080
1712908710000,23051722752,18349215744
1712908740000,23051722752,18058633216
1712908770000,23051722752,17796820992
1712908800000,23051722752,18160381952
1712908830000,23051722752,18513588224
1712908860000,23051722752,18635018240
1712908890000,23051722752,18745925632
1712908920000,23051722752,18491609088
1712908950000,23051722752,18196082688
1712908980000,23051722752,17992847360
1712909010000,23051722752,18118991872
1712909040000,23051722752,18245586944
1712909070000,23051722752,18537439232
1712909100000,23051722752,18328383488
1712909130000,23051722752,17897721856
1712909160000,23051722752,17957244928
1712909190000,23051722752,18089660416
1712909220000,23051722752,18333855744
1712909250000,23051722752,18355068928
1712909280000,23051722752,18664374272
1712909310000,23051722752,18794917888
1712909340000,23051722752,18871652352
1712909370000,23051722752,19038822400
1712909400000,23051722752,18960420864
1712909430000,23051722752,18888101888
1712909460000,23051722752,18682478592
1712909490000,23051722752,18282926080
1712909520000,23051722752,18160357376
1712909550000,23051722752,18382852096
1712909580000,23051722752,18474549248
1712909610000,23051722752,19013935104
1712909640000,23051722752,18865209344
1712909670000,23051722752,19030659072
1712909700000,23051722752,18390376448
1712909730000,23051722752,18194202624
1712909760000,23051722752,18128760832
1712909790000,23051722752,19275657216
1712909820000,23051722752,19319152640
1712909850000,23051722752,18736324608
1712909880000,23051722752,18926612480
1712909910000,23051722752,19089883136
1712909940000,23051722752,18584166400
1712909970000,23051722752,18462085120
1712910000000,23051722752,18449440768
1712910030000,23051722752,18364628992
1712910060000,23051722752,18433241088
1712910090000,23051722752,18399760384
1712910120000,23051722752,18315571200
1712910150000,23051722752,18859737088
1712910180000,23051722752,20013707264
1712910210000,23051722752,20050595840
1712910240000,23051722752,20087693312
1712910270000,23051722752,20036182016
1712910300000,23051722752,20181467136
1712910330000,23051722752,20258455552
1712910360000,23051722752,20358742016
1712910390000,23051722752,20275691520
1712910420000,23051722752,20326723584
1712910450000,23051722752,20198862848
1712910480000,23051722752,20328087552
1712910510000,23051722752,19120365568
1712910540000,23051722752,19183575040
1712910570000,23051722752,18978971648
1712910600000,23051722752,19098136576
1712910630000,23051722752,19216175104
1712910660000,23051722752,19310985216
1712910690000,23051722752,19390988288
1712910720000,23051722752,19580932096
1712910750000,23051722752,19939135488
1712910780000,23051722752,19875397632
1712910810000,23051722752,19447914496
1712910840000,23051722752,19421356032
1712910870000,23051722752,19836125184
1712910900000,23051722752,19872866304
1712910930000,23051722752,19652993024
1712910960000,23051722752,19569471488
1712910990000,23051722752,19918589952
1712911020000,23051722752,19689185280
1712911050000,23051722752,19489746944
1712911080000,23051722752,19550375936
1712911110000,23051722752,19308527616
1712911140000,23051722752,19013206016
1712911170000,23051722752,18873577472
1712911200000,23051722752,18759770112
1712911230000,23051722752,18931224576
1712911260000,23051722752,18965270528
1712911290000,23051722752,18929721344
1712911320000,23051722752,18919698432
1712911350000,23051722752,18908958720
1712911380000,23051722752,18798555136
1712911410000,23051722752,18778583040
1712911440000,23051722752,19070926848
1712911470000,23051722752,19099967488
1712911500000,23051722752,19573297152
1712911530000,23051722752,19395784704
1712911560000,23051722752,18945409024
1712911590000,23051722752,18965143552
1712911620000,23051722752,18884460544
1712911650000,23051722752,18882514944
1712911680000,23051722752,19000156160
1712911710000,23051722752,19089588224
1712911740000,23051722752,19113398272
1712911770000,23051722752,18989490176
1712911800000,23051722752,19407675392
1712911830000,23051722752,19720773632
1712911860000,23051722752,19699671040
1712911890000,23051722752,19788476416
1712911920000,23051722752,19953274880
1712911950000,23051722752,19986145280
1712911980000,23051722752,19874123776
1712912010000,23051722752,19784040448
1712912040000,23051722752,19668762624
1712912070000,23051722752,19553873920
1712912100000,23051722752,19505152000
1712912130000,23051722752,19531395072
1712912160000,23051722752,19469344768
1712912190000,23051722752,19500539904
1712912220000,23051722752,19527118848
1712912250000,23051722752,19413082112
1712912280000,23051722752,19455819776
1712912310000,23051722752,19403612160
1712912340000,23051722752,19409543168
1712912370000,23051722752,19451699200
1712912400000,23051722752,19412807680
1712912430000,23051722752,19484344320
1712912460000,23051722752,19458621440
1712912490000,23051722752,19570221056
1712912520000,23051722752,19466211328
1712912550000,23051722752,19503259648
1712912580000,23051722752,19477041152
1712912610000,23051722752,19436298240
1712912640000,23051722752,19484061696
1712912670000,23051722752,19474538496
1712912700000,23051722752,19480903680
1712912730000,23051722752,19516411904
1712912760000,23051722752,19370881024
1712912790000,23051722752,19374891008
1712912820000,23051722752,19380232192
1712912850000,23051722752,19397464064
1712912880000,23051722752,19405873152
1712912910000,23051722752,19030687744
1712912940000,23051722752,18968760320
1712912970000,23051722752,19707285504
1712913000000,23051722752,19783630848
1712913030000,23051722752,19383062528
1712913060000,23051722752,19263516672
1712913090000,23051722752,19174154240
1712913120000,23051722752,19208880128
1712913150000,23051722752,19407126528
1712913180000,23051722752,19353923584
1712913210000,23051722752,20068102144
1712913240000,23051722752,19954368512
1712913270000,23051722752,20161376256
1712913300000,23051722752,19487444992
1712913330000,23051722752,19625160704
1712913360000,23051722752,19773292544
1712913390000,23051722752,19590238208
1712913420000,23051722752,19446009856
1712913450000,23051722752,19385176064
1712913480000,23051722752,19299872768
1712913510000,23051722752,19615367168
1712913540000,23051722752,19431833600
1712913570000,23051722752,19259895808
1712913600000,23051722752,18840498176
1712913630000,23051722752,18780876800
1712913660000,23051722752,18921771008
1712913690000,23051722752,18958127104
1712913720000,23051722752,19175854080
1712913750000,23051722752,19244072960
1712913780000,23051722752,19404836864
1712913810000,23051722752,19497967616
1712913840000,23051722752,19938299904
1712913870000,23051722752,19435188224
1712913900000,23051722752,18905468928
1712913930000,23051722752,18960908288
1712913960000,23051722752,19485835264
1712913990000,23051722752,19392278528
1712914020000,23051722752,19440406528
1712914050000,23051722752,19640311808
1712914080000,23051722752,19655503872
1712914110000,23051722752,19794235392
1712914140000,23051722752,19682738176
1712914170000,23051722752,19575373824
1712914200000,23051722752,19462406144
1712914230000,23051722752,19410137088
1712914260000,23051722752,19390652416
1712914290000,23051722752,19217027072
1712914320000,23051722752,19325792256
1712914350000,23051722752,19478757376
1712914380000,23051722752,19186995200
1712914410000,23051722752,19247300608
1712914440000,23051722752,19259392000
1712914470000,23051722752,19449421824
1712914500000,23051722752,19599699968
1712914530000,23051722752,19927445504
1712914560000,23051722752,20076429312
1712914590000,23051722752,20106358784
1712914620000,23051722752,20227510272
1712914650000,23051722752,20104114176
1712914680000,23051722752,19831980032
1712914710000,23051722752,19604537344
1712914740000,23051722752,19526692864
1712914770000,23051722752,19331186688
1712914800000,23051722752,19431190528
1712914830000,23051722752,19443884032
1712914860000,23051722752,19589607424
1712914890000,23051722752,NaN
1712914920000,23051722752,19793268736
1712914950000,23051722752,20060483584
1712914980000,23051722752,19696324608
1712915010000,23051722752,18619662336
1712915040000,23051722752,18402537472
1712915070000,23051722752,18255241216
1712915100000,23051722752,18350927872
1712915130000,23051722752,19174764544
1712915160000,23051722752,19274129408
1712915190000,23051722752,18621149184
1712915220000,23051722752,18839977984
1712915250000,23051722752,19100790784
1712915280000,23051722752,19212189696
1712915310000,23051722752,19089518592
1712915340000,23051722752,18885144576
1712915370000,23051722752,18688507904
1712915400000,23051722752,18666684416
1712915430000,23051722752,18700267520
1712915460000,23051722752,18554753024
1712915490000,23051722752,19691458560
1712915520000,23051722752,19497254912
1712915550000,23051722752,19527249920
1712915580000,23051722752,19523715072
1712915610000,23051722752,19549147136
1712915640000,23051722752,19610157056
1712915670000,23051722752,19610865664
1712915700000,23051722752,19598041088
1712915730000,23051722752,19486605312
1712915760000,23051722752,19631738880
1712915790000,23051722752,19465306112
1712915820000,23051722752,19532840960
1712915850000,23051722752,18479808512
1712915880000,23051722752,18519334912
1712915910000,23051722752,18571210752
1712915940000,23051722752,18671181824
1712915970000,23051722752,18792812544
1712916000000,23051722752,19108904960
1712916030000,23051722752,19408715776
1712916060000,23051722752,19165765632
1712916090000,23051722752,19141435392
1712916120000,23051722752,19344531456
1712916150000,23051722752,19508527104
1712916180000,23051722752,19376152576
1712916210000,23051722752,19129057280
1712916240000,23051722752,19325009920
1712916270000,23051722752,19610947584
1712916300000,23051722752,19551473664
1712916330000,23051722752,19873734656
1712916360000,23051722752,19449851904
1712916390000,23051722752,18997678080
1712916420000,23051722752,18839851008
1712916450000,23051722752,18626174976
1712916480000,23051722752,18638004224
1712916510000,23051722752,18660311040
1712916540000,23051722752,18590146560
1712916570000,23051722752,18692165632
1712916600000,23051722752,18624303104
1712916630000,23051722752,18623352832
1712916660000,23051722752,18482651136
1712916690000,23051722752,18538332160
1712916720000,23051722752,18928951296
1712916750000,23051722752,19006447616
1712916780000,23051722752,19329949696
1712916810000,23051722752,19107577856
1712916840000,23051722752,18667687936
1712916870000,23051722752,18511794176
1712916900000,23051722752,18597416960
1712916930000,23051722752,18558668800
1712916960000,23051722752,18600108032
1712916990000,23051722752,18689622016
1712917020000,23051722752,18632597504
1712917050000,23051722752,18587090944
1712917080000,23051722752,19309867008
1712917110000,23051722752,19459198976
1712917140000,23051722752,19280863232
1712917170000,23051722752,19324235776
1712917200000,23051722752,19362295808
1712917230000,23051722752,19257831424
1712917260000,23051722752,19180875776
1712917290000,23051722752,19061657600
1712917320000,23051722752,19034644480
1712917350000,23051722752,18926968832
1712917380000,23051722752,18968903680
1712917410000,23051722752,18966290432
1712917440000,23051722752,18956673024
1712917470000,23051722752,18855673856
1712917500000,23051722752,18903629824
1712917530000,23051722752,18753351680
1712917560000,23051722752,18751373312
1712917590000,23051722752,18698858496
1712917620000,23051722752,18791297024
1712917650000,23051722752,18769162240
1712917680000,23051722752,18670919680
1712917710000,23051722752,18663219200
1712917740000,23051722752,18735665152
1712917770000,23051722752,18728132608
1712917800000,23051722752,18777837568
1712917830000,23051722752,18755739648
1712917860000,23051722752,18684194816
1712917890000,23051722752,18685091840
1712917920000,23051722752,18601897984
1712917950000,23051722752,18714148864
1712917980000,23051722752,18811600896
1712918010000,23051722752,18720415744
1712918040000,23051722752,18686480384
1712918070000,23051722752,18672402432
1712918100000,23051722752,18740289536
1712918130000,23051722752,18753560576
1712918160000,23051722752,18632712192
1712918190000,23051722752,18573176832
1712918220000,23051722752,18894204928
1712918250000,23051722752,19254738944
1712918280000,23051722752,19207561216
1712918310000,23051722752,18818813952
1712918340000,23051722752,18853699584
1712918370000,23051722752,18846265344
1712918400000,23051722752,18829869056
1712918430000,23051722752,18849554432
1712918460000,23051722752,19003129856
1712918490000,23051722752,19510431744
1712918520000,23051722752,19566559232
1712918550000,23051722752,19482013696
1712918580000,23051722752,19878682624
1712918610000,23051722752,19730391040
1712918640000,23051722752,19696717824
1712918670000,23051722752,19199827968
1712918700000,23051722752,19223392256
1712918730000,23051722752,19898781696
1712918760000,23051722752,19365724160
1712918790000,23051722752,19043172352
1712918820000,23051722752,18749657088
1712918850000,23051722752,18793017344
1712918880000,23051722752,18874441728
1712918910000,23051722752,19094417408
1712918940000,23051722752,19349102592
1712918970000,23051722752,19423436800
1712919000000,23051722752,19439857664
1712919030000,23051722752,19687956480
1712919060000,23051722752,19313512448
1712919090000,23051722752,18671804416
1712919120000,23051722752,18754920448
1712919150000,23051722752,18927501312
1712919180000,23051722752,19295277056
1712919210000,23051722752,19527237632
1712919240000,23051722752,19175682048
1712919270000,23051722752,19414466560
1712919300000,23051722752,19490652160
1712919330000,23051722752,19409756160
1712919360000,23051722752,19365163008
1712919390000,23051722752,19402858496
1712919420000,23051722752,19393441792
1712919450000,23051722752,19340447744
1712919480000,23051722752,19227643904
1712919510000,23051722752,19118366720
1712919540000,23051722752,19015417856
1712919570000,23051722752,19230797824
1712919600000,23051722752,19145342976
1712919630000,23051722752,19081093120
1712919660000,23051722752,19317092352
1712919690000,23051722752,19620286464
1712919720000,23051722752,19867557888
1712919750000,23051722752,20041342976
1712919780000,23051722752,20026896384
1712919810000,23051722752,20084092928
1712919840000,23051722752,20122943488
1712919870000,23051722752,20056662016
1712919900000,23051722752,20050137088
1712919930000,23051722752,20122546176
1712919960000,23051722752,19766333440
1712919990000,23051722752,19251277824
1712920020000,23051722752,19287457792
1712920050000,23051722752,19307450368
1712920080000,23051722752,19595767808
1712920110000,23051722752,19653390336
1712920140000,23051722752,19993174016
1712920170000,23051722752,19657752576
1712920200000,23051722752,20009615360
1712920230000,23051722752,18955706368
1712920260000,23051722752,18811453440
1712920290000,23051722752,18452299776
1712920320000,23051722752,19452792832
1712920350000,23051722752,19471925248
1712920380000,23051722752,18506817536
1712920410000,23051722752,18728730624
1712920440000,23051722752,18793345024
1712920470000,23051722752,18980585472
1712920500000,23051722752,19043717120
1712920530000,23051722752,18611015680
1712920560000,23051722752,18625093632
1712920590000,23051722752,18552467456
1712920620000,23051722752,18637254656
1712920650000,23051722752,18500489216
1712920680000,23051722752,18483404800
1712920710000,23051722752,19583422464
1712920740000,23051722752,19573706752
1712920770000,23051722752,19623424000
1712920800000,23051722752,19617464320
1712920830000,23051722752,19939004416
1712920860000,23051722752,19846328320
1712920890000,23051722752,19940429824
1712920920000,23051722752,19847180288
1712920950000,23051722752,19930685440
1712920980000,23051722752,19902205952
1712921010000,23051722752,19869450240
1712921040000,23051722752,19826061312
1712921070000,23051722752,18617978880
1712921100000,23051722752,18596134912
1712921130000,23051722752,18678177792
1712921160000,23051722752,18803343360
1712921190000,23051722752,18832113664
1712921220000,23051722752,19216293888
1712921250000,23051722752,19276521472
1712921280000,23051722752,19095117824
1712921310000,23051722752,19037392896
1712921340000,23051722752,19391963136
1712921370000,23051722752,19590787072
1712921400000,23051722752,19177795584
1712921430000,23051722752,19056447488
1712921460000,23051722752,19589070848
1712921490000,23051722752,19578839040
1712921520000,23051722752,19601731584
1712921550000,23051722752,19746091008
1712921580000,23051722752,19533983744
1712921610000,23051722752,19258875904
1712921640000,23051722752,19300347904
1712921670000,23051722752,18874597376
1712921700000,23051722752,18807582720
1712921730000,23051722752,18842927104
1712921760000,23051722752,18975715328
1712921790000,23051722752,18925096960
1712921820000,23051722752,19166932992
1712921850000,23051722752,19121483776
1712921880000,23051722752,18863300608
1712921910000,23051722752,19034669056
1712921940000,23051722752,19217268736
1712921970000,23051722752,19775291392
1712922000000,23051722752,19495575552
1712922030000,23051722752,19257454592
1712922060000,23051722752,18809438208
1712922090000,23051722752,18688778240
1712922120000,23051722752,18847920128
1712922150000,23051722752,18822844416
1712922180000,23051722752,18850680832
1712922210000,23051722752,18832302080
1712922240000,23051722752,18780196864
1712922270000,23051722752,18724519936
1712922300000,23051722752,19624218624
1712922330000,23051722752,19709026304
1712922360000,23051722752,19470692352
1712922390000,23051722752,19127058432
1712922420000,23051722752,19064205312
1712922450000,23051722752,19105570816
1712922480000,23051722752,19051057152
1712922510000,23051722752,19062808576
1712922540000,23051722752,19030536192
1712922570000,23051722752,19026247680
1712922600000,23051722752,18987978752
1712922630000,23051722752,18944303104
1712922660000,23051722752,18927976448
1712922690000,23051722752,18904317952
1712922720000,23051722752,18936999936
1712922750000,23051722752,18861686784
1712922780000,23051722752,18907029504
1712922810000,23051722752,18897231872
1712922840000,23051722752,18778861568
1712922870000,23051722752,18806001664
1712922900000,23051722752,18841903104
1712922930000,23051722752,18819198976
1712922960000,23051722752,18727354368
1712922990000,23051722752,18769252352
1712923020000,23051722752,18775109632
1712923050000,23051722752,18819149824
1712923080000,23051722752,18714828800
1712923110000,23051722752,18763005952
1712923140000,23051722752,18787479552
1712923170000,23051722752,18798518272
1712923200000,23051722752,18753036288
1712923230000,23051722752,18831978496
1712923260000,23051722752,18826035200
1712923290000,23051722752,18791100416
1712923320000,23051722752,18848116736
1712923350000,23051722752,18822094848
1712923380000,23051722752,18888347648
1712923410000,23051722752,18870005760
1712923440000,23051722752,18856181760
1712923470000,23051722752,19001581568
1712923500000,23051722752,19090821120
1712923530000,23051722752,19111235584
1712923560000,23051722752,18898931712
1712923590000,23051722752,18678915072
1712923620000,23051722752,18762842112
1712923650000,23051722752,18705629184
1712923680000,23051722752,18712465408
1712923710000,23051722752,18952302592
1712923740000,23051722752,19068698624
1712923770000,23051722752,19210952704
1712923800000,23051722752,19328823296
1712923830000,23051722752,19305992192
1712923860000,23051722752,19324354560
1712923890000,23051722752,19174567936
1712923920000,23051722752,18900492288
1712923950000,23051722752,19211505664
1712923980000,23051722752,19211411456
1712924010000,23051722752,19259461632
1712924040000,23051722752,19096784896
1712924070000,23051722752,19041157120
1712924100000,23051722752,19093204992
1712924130000,23051722752,19098689536
1712924160000,23051722752,19118088192
1712924190000,23051722752,19090137088
1712924220000,23051722752,19116642304
1712924250000,23051722752,19363225600
1712924280000,23051722752,19381841920
1712924310000,23051722752,19276881920
1712924340000,23051722752,19191369728
1712924370000,23051722752,19227574272
1712924400000,23051722752,19172700160
1712924430000,23051722752,19224174592
1712924460000,23051722752,19238850560
1712924490000,23051722752,19267543040
1712924520000,23051722752,19167629312
1712924550000,23051722752,19218755584
1712924580000,23051722752,19345772544
1712924610000,23051722752,19280596992
1712924640000,23051722752,19251621888
1712924670000,23051722752,19333607424
1712924700000,23051722752,19297296384
1712924730000,23051722752,19343912960
1712924760000,23051722752,19400966144
1712924790000,23051722752,19445997568
1712924820000,23051722752,19250638848
1712924850000,23051722752,19241754624
1712924880000,23051722752,19110473728
1712924910000,23051722752,19171512320
1712924940000,23051722752,19318300672
1712924970000,23051722752,19488575488
1712925000000,23051722752,19391373312
1712925030000,23051722752,19461672960
1712925060000,23051722752,19581808640
1712925090000,23051722752,19609763840
1712925120000,23051722752,19513577472
1712925150000,23051722752,19529543680
1712925180000,23051722752,19561992192
1712925210000,23051722752,19579654144
1712925240000,23051722752,19579629568
1712925270000,23051722752,19568541696
1712925300000,23051722752,19642372096
1712925330000,23051722752,19667447808
1712925360000,23051722752,19795718144
1712925390000,23051722752,19957542912
1712925420000,23051722752,20045848576
1712925450000,23051722752,19701624832
1712925480000,23051722752,19589152768
1712925510000,23051722752,19611004928
1712925540000,23051722752,19639672832
1712925570000,23051722752,19231813632
1712925600000,23051722752,19013914624
1712925630000,23051722752,18971897856
1712925660000,23051722752,19122282496
1712925690000,23051722752,19188719616
1712925720000,23051722752,19291738112
1712925750000,23051722752,19260342272
1712925780000,23051722752,19218567168
1712925810000,23051722752,19152838656
1712925840000,23051722752,19148414976
1712925870000,23051722752,19194015744
1712925900000,23051722752,19140411392
1712925930000,23051722752,20353212416
1712925960000,23051722752,20387332096
1712925990000,23051722752,20395933696
1712926020000,23051722752,20357832704
1712926050000,23051722752,20399034368
1712926080000,23051722752,20375920640
1712926110000,23051722752,20481527808
1712926140000,23051722752,20463226880
1712926170000,23051722752,20436090880
1712926200000,23051722752,20546658304
1712926230000,23051722752,19821617152
1712926260000,23051722752,19711229952
1712926290000,23051722752,19147890688
1712926320000,23051722752,19239026688
1712926350000,23051722752,19274350592
1712926380000,23051722752,19338809344
1712926410000,23051722752,19326857216
1712926440000,23051722752,19425124352
1712926470000,23051722752,19656347648
1712926500000,23051722752,19383615488
1712926530000,23051722752,19362684928
1712926560000,23051722752,19524866048
1712926590000,23051722752,19477680128
1712926620000,23051722752,19565174784
1712926650000,23051722752,19344162816
1712926680000,23051722752,19398553600
1712926710000,23051722752,19627266048
1712926740000,23051722752,19754082304
1712926770000,23051722752,19648589824
1712926800000,23051722752,19795165184
1712926830000,23051722752,19702849536
1712926860000,23051722752,19698364416
1712926890000,23051722752,19524124672
1712926920000,23051722752,19619053568
1712926950000,23051722752,19517943808
1712926980000,23051722752,19494952960
1712927010000,23051722752,19438735360
1712927040000,23051722752,19452252160
1712927070000,23051722752,19520622592
1712927100000,23051722752,19400192000
1712927130000,23051722752,19274620928
1712927160000,23051722752,19272462336
1712927190000,23051722752,19525496832
1712927220000,23051722752,19724759040
1712927250000,23051722752,19672997888
1712927280000,23051722752,19489337344
1712927310000,23051722752,19298553856
1712927340000,23051722752,19243851776
1712927370000,23051722752,19281256448
1712927400000,23051722752,19131707392
1712927430000,23051722752,19173089280
1712927460000,23051722752,19179556864
1712927490000,23051722752,19587690496
1712927520000,23051722752,19853418496
1712927550000,23051722752,19972390912
1712927580000,23051722752,19974086656
1712927610000,23051722752,20102385664
1712927640000,23051722752,20176457728
1712927670000,23051722752,20190101504
1712927700000,23051722752,20215484416
1712927730000,23051722752,20173299712
1712927760000,23051722752,20109271040
1712927790000,23051722752,20073328640
1712927820000,23051722752,20171911168
1712927850000,23051722752,20014202880
1712927880000,23051722752,20051836928
1712927910000,23051722752,20047134720
1712927940000,23051722752,20058968064
1712927970000,23051722752,20050350080
1712928000000,23051722752,20027977728
1712928030000,23051722752,19922833408
1712928060000,23051722752,19956486144
1712928090000,23051722752,19979780096
1712928120000,23051722752,19898576896
1712928150000,23051722752,19954372608
1712928180000,23051722752,19893792768
1712928210000,23051722752,19902312448
1712928240000,23051722752,19888427008
1712928270000,23051722752,19923632128
1712928300000,23051722752,19839389696
1712928330000,23051722752,19860795392
1712928360000,23051722752,19952214016
1712928390000,23051722752,19832647680
1712928420000,23051722752,19878895616
1712928450000,23051722752,19806400512
1712928480000,23051722752,19893399552
1712928510000,23051722752,19852038144
1712928540000,23051722752,19833110528
1712928570000,23051722752,19875713024
1712928600000,23051722752,19812958208
1712928630000,23051722752,19745566720
1712928660000,23051722752,19826999296
1712928690000,23051722752,19737686016
1712928720000,23051722752,19774017536
1712928750000,23051722752,19800330240
1712928780000,23051722752,19715743744
1712928810000,23051722752,19395035136
1712928840000,23051722752,19441766400
1712928870000,23051722752,19400867840
1712928900000,23051722752,19432599552
1712928930000,23051722752,19677769728
1712928960000,23051722752,19810770944
1712928990000,23051722752,20002168832
1712929020000,23051722752,19946758144
1712929050000,23051722752,19827695616
1712929080000,23051722752,19811938304
1712929110000,23051722752,19515797504
1712929140000,23051722752,19479666688
1712929170000,23051722752,19886071808
1712929200000,23051722752,20309344256
1712929230000,23051722752,19841044480
1712929260000,23051722752,19745468416
1712929290000,23051722752,19586371584
1712929320000,23051722752,19527032832
1712929350000,23051722752,19516325888
1712929380000,23051722752,19626655744
1712929410000,23051722752,19729866752
1712929440000,23051722752,19655524352
1712929470000,23051722752,19941695488
1712929500000,23051722752,20103815168
1712929530000,23051722752,20002689024
1712929560000,23051722752,19647586304
1712929590000,23051722752,19531718656
1712929620000,23051722752,19774795776
1712929650000,23051722752,19826110464
1712929680000,23051722752,19726770176
1712929710000,23051722752,19866525696
1712929740000,23051722752,19930513408
1712929770000,23051722752,19992408064
1712929800000,23051722752,20020719616
1712929830000,23051722752,20042969088
1712929860000,23051722752,19972874240
1712929890000,23051722752,19971072000
1712929920000,23051722752,19981037568
1712929950000,23051722752,19920404480
1712929980000,23051722752,19939520512
1712930010000,23051722752,19949903872
1712930040000,23051722752,19507638272
1712930070000,23051722752,19565928448
1712930100000,23051722752,19509243904
1712930130000,23051722752,19623170048
1712930160000,23051722752,19755933696
1712930190000,23051722752,19712540672
1712930220000,23051722752,19887763456
1712930250000,23051722752,19816808448
1712930280000,23051722752,19952549888
1712930310000,23051722752,20068515840
1712930340000,23051722752,19926380544
1712930370000,23051722752,19994046464
1712930400000,23051722752,20124274688
1712930430000,23051722752,20103868416
1712930460000,23051722752,20090359808
1712930490000,23051722752,20020965376
1712930520000,23051722752,20106100736
1712930550000,23051722752,20507131904
1712930580000,23051722752,20539449344
1712930610000,23051722752,19895603200
1712930640000,23051722752,20334886912
1712930670000,23051722752,20405133312
1712930700000,23051722752,20361142272
1712930730000,23051722752,20082360320
1712930760000,23051722752,19798097920
1712930790000,23051722752,19668004864
1712930820000,23051722752,19485847552
1712930850000,23051722752,19402567680
1712930880000,23051722752,19574575104
1712930910000,23051722752,19677343744
1712930940000,23051722752,19759857664
1712930970000,23051722752,19680743424
1712931000000,23051722752,19617292288
1712931030000,23051722752,19447615488
1712931060000,23051722752,19474079744
1712931090000,23051722752,19385954304
1712931120000,23051722752,19383517184
1712931150000,23051722752,20514131968
1712931180000,23051722752,20513820672
1712931210000,23051722752,20534624256
1712931240000,23051722752,20585304064
1712931270000,23051722752,20542943232
1712931300000,23051722752,20529737728
1712931330000,23051722752,20839477248
1712931360000,23051722752,20906983424
1712931390000,23051722752,20910628864
1712931420000,23051722752,20934324224
1712931450000,23051722752,20946214912
1712931480000,23051722752,20839624704
1712931510000,23051722752,19622653952
1712931540000,23051722752,19739770880
1712931570000,23051722752,19716481024
1712931600000,23051722752,19794571264
1712931630000,23051722752,19815366656
1712931660000,23051722752,20011323392
1712931690000,23051722752,20111040512
1712931720000,23051722752,19947732992
1712931750000,23051722752,19802783744
1712931780000,23051722752,19921326080
1712931810000,23051722752,20115369984
1712931840000,23051722752,20133117952
1712931870000,23051722752,19965329408
1712931900000,23051722752,20041113600
1712931930000,23051722752,20170289152
1712931960000,23051722752,20408442880
1712931990000,23051722752,20495568896
1712932020000,23051722752,20447260672
1712932050000,23051722752,20375367680
1712932080000,23051722752,20253323264
1712932110000,23051722752,20157362176
1712932140000,23051722752,20191723520
1712932170000,23051722752,20110159872
1712932200000,23051722752,20007313408
1712932230000,23051722752,20003610624
1712932260000,23051722752,19883425792
1712932290000,23051722752,19840430080
1712932320000,23051722752,19769122816
1712932350000,23051722752,19712856064
1712932380000,23051722752,19742695424
1712932410000,23051722752,19905302528
1712932440000,23051722752,20235554816
1712932470000,23051722752,20367138816
1712932500000,23051722752,20087779328
1712932530000,23051722752,20050837504
1712932560000,23051722752,19976015872
1712932590000,23051722752,19856818176
1712932620000,23051722752,19801108480
1712932650000,23051722752,19765559296
1712932680000,23051722752,19691511808
1712932710000,23051722752,20007751680
1712932740000,23051722752,20340592640
1712932770000,23051722752,20445491200
1712932800000,23051722752,20210880512
1712932830000,23051722752,20235579392
1712932860000,23051722752,20340715520
1712932890000,23051722752,20444712960
1712932920000,23051722752,20441235456
1712932950000,23051722752,20354351104
1712932980000,23051722752,20386471936
1712933010000,23051722752,20320481280
1712933040000,23051722752,20210610176
1712933070000,23051722752,20135358464
1712933100000,23051722752,20232679424
1712933130000,23051722752,20133515264
1712933160000,23051722752,20110860288
1712933190000,23051722752,20114231296
1712933220000,23051722752,20116021248
1712933250000,23051722752,20088233984
1712933280000,23051722752,20079132672
1712933310000,23051722752,20090380288
1712933340000,23051722752,20066033664
1712933370000,23051722752,20111335424
1712933400000,23051722752,20071432192
1712933430000,23051722752,20211916800
1712933460000,23051722752,20131663872
1712933490000,23051722752,20136370176
1712933520000,23051722752,20135727104
1712933550000,23051722752,20112310272
1712933580000,23051722752,20119388160
1712933610000,23051722752,20081954816
1712933640000,23051722752,20089962496
1712933670000,23051722752,20091539456
1712933700000,23051722752,20060946432
1712933730000,23051722752,20097777664
1712933760000,23051722752,20059459584
1712933790000,23051722752,20037349376
1712933820000,23051722752,20136017920
1712933850000,23051722752,19912536064
1712933880000,23051722752,19849351168
1712933910000,23051722752,20283854848
1712933940000,23051722752,20419108864
1712933970000,23051722752,20188946432
1712934000000,23051722752,20057665536
1712934030000,23051722752,20019453952
1712934060000,23051722752,20019486720
1712934090000,23051722752,20072972288
1712934120000,23051722752,20085071872
1712934150000,23051722752,20614172672
1712934180000,23051722752,20697726976
1712934210000,23051722752,20969340928
1712934240000,23051722752,20837740544
1712934270000,23051722752,20359995392
1712934300000,23051722752,20398112768
1712934330000,23051722752,20096430080
1712934360000,23051722752,19997790208
1712934390000,23051722752,20547584000
1712934420000,23051722752,20321452032
1712934450000,23051722752,19971862528
1712934480000,23051722752,19684876288
1712934510000,23051722752,19676753920
1712934540000,23051722752,19770105856
1712934570000,23051722752,19877855232
1712934600000,23051722752,19918561280
1712934630000,23051722752,20046090240
1712934660000,23051722752,20077731840
1712934690000,23051722752,20054630400
1712934720000,23051722752,20634710016
1712934750000,23051722752,19882074112
1712934780000,23051722752,19324493824
1712934810000,23051722752,19428179968
1712934840000,23051722752,19971620864
1712934870000,23051722752,19979849728
1712934900000,23051722752,19844239360
1712934930000,23051722752,20069007360
1712934960000,23051722752,20086566912
1712934990000,23051722752,20263165952
1712935020000,23051722752,20206649344
1712935050000,23051722752,20020879360
1712935080000,23051722752,19899338752
1712935110000,23051722752,19881684992
1712935140000,23051722752,19885334528
1712935170000,23051722752,19806650368
1712935200000,23051722752,19950710784
1712935230000,23051722752,19891458048
1712935260000,23051722752,19756109824
1712935290000,23051722752,19759144960
1712935320000,23051722752,19799142400
1712935350000,23051722752,20082237440
1712935380000,23051722752,20218613760
1712935410000,23051722752,20410949632
1712935440000,23051722752,20545708032
1712935470000,23051722752,20597985280
1712935500000,23051722752,20703567872
1712935530000,23051722752,20602560512
1712935560000,23051722752,20490555392
1712935590000,23051722752,20356399104
1712935620000,23051722752,20446228480
1712935650000,23051722752,20099588096
1712935680000,23051722752,19971485696
1712935710000,23051722752,20098600960
1712935740000,23051722752,20201328640
1712935770000,23051722752,20340412416
1712935800000,23051722752,20559900672
1712935830000,23051722752,20803551232
1712935860000,23051722752,20847341568
1712935890000,23051722752,19832487936
1712935920000,23051722752,19683606528
1712935950000,23051722752,19466850304
1712935980000,23051722752,19448340480
1712936010000,23051722752,20092624896
1712936040000,23051722752,20096696320
1712936070000,23051722752,19547545600
1712936100000,23051722752,19552133120
1712936130000,23051722752,19877220352
1712936160000,23051722752,19857125376
1712936190000,23051722752,19607732224
1712936220000,23051722752,19527282688
1712936250000,23051722752,19368910848
1712936280000,23051722752,19362660352
1712936310000,23051722752,19298635776
1712936340000,23051722752,19233726464
1712936370000,23051722752,20336582656
1712936400000,23051722752,20222140416
1712936430000,23051722752,20204462080
1712936460000,23051722752,20216750080
1712936490000,23051722752,20230230016
1712936520000,23051722752,20293201920
1712936550000,23051722752,20351483904
1712936580000,23051722752,20282880000
1712936610000,23051722752,20301373440
1712936640000,23051722752,20386476032
1712936670000,23051722752,20465602560
1712936700000,23051722752,20404723712
1712936730000,23051722752,19296518144
1712936760000,23051722752,19317379072
1712936790000,23051722752,19366129664
1712936820000,23051722752,19504852992
1712936850000,23051722752,19581587456
1712936880000,23051722752,20000395264
1712936910000,23051722752,20222828544
1712936940000,23051722752,19878600704
1712936970000,23051722752,19824226304
1712937000000,23051722752,20123930624
1712937030000,23051722752,20332167168
1712937060000,23051722752,20137627648
1712937090000,23051722752,20106743808
1712937120000,23051722752,20343308288
1712937150000,23051722752,20544901120
1712937180000,23051722752,20332941312
1712937210000,23051722752,20627251200
1712937240000,23051722752,20276674560
1712937270000,23051722752,19720495104
1712937300000,23051722752,19624308736
1712937330000,23051722752,19632242688
1712937360000,23051722752,19680534528
1712937390000,23051722752,19801223168
1712937420000,23051722752,19872485376
1712937450000,23051722752,19776552960
1712937480000,23051722752,19833212928
1712937510000,23051722752,19559055360
1712937540000,23051722752,19282124800
1712937570000,23051722752,19439886336
1712937600000,23051722752,19696300032
1712937630000,23051722752,19865960448
1712937660000,23051722752,20237410304
1712937690000,23051722752,20146704384
1712937720000,23051722752,19545456640
1712937750000,23051722752,19469295616
1712937780000,23051722752,19511799808
1712937810000,23051722752,19531497472
1712937840000,23051722752,19460530176
1712937870000,23051722752,19533340672
1712937900000,23051722752,19554316288
1712937930000,23051722752,19432767488
1712937960000,23051722752,19938074624
1712937990000,23051722752,20174270464
1712938020000,23051722752,20047716352
1712938050000,23051722752,20198502400
1712938080000,23051722752,20293394432
1712938110000,23051722752,20363673600
1712938140000,23051722752,20214386688
1712938170000,23051722752,20115509248
1712938200000,23051722752,20115214336
1712938230000,23051722752,20106424320
1712938260000,23051722752,20053835776
1712938290000,23051722752,19964624896
1712938320000,23051722752,19925151744
1712938350000,23051722752,19929145344
1712938380000,23051722752,19947294720
1712938410000,23051722752,19876401152
1712938440000,23051722752,19809943552
1712938470000,23051722752,19810267136
1712938500000,23051722752,19855024128
1712938530000,23051722752,19780513792
1712938560000,23051722752,19747827712
1712938590000,23051722752,19809570816
1712938620000,23051722752,19814858752
1712938650000,23051722752,19826737152
1712938680000,23051722752,19801915392
1712938710000,23051722752,19792429056
1712938740000,23051722752,19777990656
1712938770000,23051722752,19807113216
1712938800000,23051722752,19786256384
1712938830000,23051722752,19794448384
1712938860000,23051722752,19787571200
1712938890000,23051722752,19826536448
1712938920000,23051722752,19769999360
1712938950000,23051722752,19698618368
1712938980000,23051722752,19744219136
1712939010000,23051722752,19679559680
1712939040000,23051722752,19758235648
1712939070000,23051722752,19404017664
1712939100000,23051722752,19586256896
1712939130000,23051722752,20359593984
1712939160000,23051722752,20252041216
1712939190000,23051722752,19709693952
1712939220000,23051722752,19695288320
1712939250000,23051722752,19695665152
1712939280000,23051722752,19526459392
1712939310000,23051722752,19684741120
1712939340000,23051722752,19694342144
1712939370000,23051722752,20381794304
1712939400000,23051722752,20457521152
1712939430000,23051722752,20146786304
1712939460000,23051722752,19728183296
1712939490000,23051722752,20670828544
1712939520000,23051722752,19859251200
1712939550000,23051722752,19941163008
1712939580000,23051722752,19811196928
1712939610000,23051722752,19748397056
1712939640000,23051722752,19779186688
1712939670000,23051722752,20302192640
1712939700000,23051722752,20309594112
1712939730000,23051722752,19865567232
1712939760000,23051722752,19465695232
1712939790000,23051722752,19305435136
1712939820000,23051722752,19533758464
1712939850000,23051722752,19682086912
1712939880000,23051722752,19840045056
1712939910000,23051722752,19915657216
1712939940000,23051722752,20010270720
1712939970000,23051722752,19882352640
1712940000000,23051722752,20373798912
1712940030000,23051722752,20186116096
1712940060000,23051722752,19416563712
1712940090000,23051722752,19506425856
1712940120000,23051722752,19906920448
1712940150000,23051722752,20092809216
1712940180000,23051722752,20168654848
1712940210000,23051722752,20195758080
1712940240000,23051722752,20091219968
1712940270000,23051722752,20221206528
1712940300000,23051722752,20219527168
1712940330000,23051722752,20084985856
1712940360000,23051722752,20248453120
1712940390000,23051722752,20112596992
1712940420000,23051722752,19921731584
1712940450000,23051722752,19886653440
1712940480000,23051722752,20024586240
1712940510000,23051722752,20023328768
1712940540000,23051722752,19853807616
1712940570000,23051722752,19913908224
1712940600000,23051722752,19928797184
1712940630000,23051722752,20138541056
1712940660000,23051722752,20467884032
1712940690000,23051722752,20642328576
1712940720000,23051722752,20132474880
1712940750000,23051722752,20316905472
1712940780000,23051722752,20410744832
1712940810000,23051722752,20401422336
1712940840000,23051722752,20302630912
1712940870000,23051722752,20362776576
1712940900000,23051722752,20265144320
1712940930000,23051722752,19806703616
1712940960000,23051722752,19681619968
1712940990000,23051722752,19904217088
1712941020000,23051722752,19852361728
1712941050000,23051722752,20554940416
1712941080000,23051722752,20426797056
1712941110000,23051722752,20653096960
1712941140000,23051722752,19786240000
1712941170000,23051722752,20061749248
1712941200000,23051722752,19477934080
1712941230000,23051722752,19275784192
1712941260000,23051722752,19187511296
1712941290000,23051722752,20143300608
1712941320000,23051722752,20359118848
1712941350000,23051722752,19285188608
1712941380000,23051722752,19520081920
1712941410000,23051722752,19811921920
1712941440000,23051722752,19964329984
1712941470000,23051722752,19914354688
1712941500000,23051722752,19484868608
1712941530000,23051722752,19387330560
1712941560000,23051722752,19288788992
1712941590000,23051722752,19353391104
1712941620000,23051722752,19185741824
1712941650000,23051722752,19722096640
1712941680000,23051722752,20360687616
1712941710000,23051722752,20229537792
1712941740000,23051722752,20270383104
1712941770000,23051722752,20275658752
1712941800000,23051722752,20334366720
1712941830000,23051722752,20305674240
1712941860000,23051722752,20379332608
1712941890000,23051722752,20324646912
1712941920000,23051722752,20316401664
1712941950000,23051722752,20312363008
1712941980000,23051722752,20287049728
1712942010000,23051722752,19045986304
1712942040000,23051722752,19183538176
1712942070000,23051722752,19166208000
1712942100000,23051722752,19336450048
1712942130000,23051722752,19397566464
1712942160000,23051722752,19563589632
1712942190000,23051722752,19950030848
1712942220000,23051722752,19745570816
1712942250000,23051722752,19523014656
1712942280000,23051722752,19712557056
1712942310000,23051722752,20068544512
1712942340000,23051722752,20120735744
1712942370000,23051722752,19769208832
1712942400000,23051722752,19628691456
1712942430000,23051722752,20170956800
1712942460000,23051722752,20246573056
1712942490000,23051722752,20379496448
1712942520000,23051722752,20131000320
1712942550000,23051722752,19606265856
1712942580000,23051722752,19537989632
1712942610000,23051722752,19412602880
1712942640000,23051722752,19317346304
1712942670000,23051722752,19361505280
1712942700000,23051722752,19465781248
1712942730000,23051722752,19521212416
1712942760000,23051722752,19480944640
1712942790000,23051722752,19485409280
1712942820000,23051722752,19108012032
1712942850000,23051722752,19006447616
1712942880000,23051722752,19353341952
1712942910000,23051722752,19441881088
1712942940000,23051722752,19994058752
1712942970000,23051722752,20000043008
1712943000000,23051722752,19182186496
1712943030000,23051722752,19160309760
1712943060000,23051722752,19267686400
1712943090000,23051722752,19176001536
1712943120000,23051722752,19143053312
1712943150000,23051722752,19277484032
1712943180000,23051722752,19319345152
1712943210000,23051722752,19219349504
1712943240000,23051722752,19565674496
1712943270000,23051722752,20048416768
1712943300000,23051722752,19974561792
1712943330000,23051722752,19930841088
1712943360000,23051722752,19682459648
1712943390000,23051722752,20015493120
1712943420000,23051722752,19956224000
1712943450000,23051722752,19924004864
1712943480000,23051722752,19770216448
1712943510000,23051722752,19795496960
1712943540000,23051722752,19749474304
1712943570000,23051722752,19693555712
1712943600000,23051722752,19594526720
1712943630000,23051722752,19621183488
1712943660000,23051722752,19604537344
1712943690000,23051722752,19574853632
1712943720000,23051722752,19572039680
1712943750000,23051722752,19469152256
1712943780000,23051722752,19470270464
1712943810000,23051722752,19512324096
1712943840000,23051722752,19436564480
1712943870000,23051722752,19468771328
1712943900000,23051722752,19386667008
1712943930000,23051722752,19397120000
1712943960000,23051722752,19300003840
1712943990000,23051722752,19314962432
1712944020000,23051722752,19393052672
1712944050000,23051722752,19326763008
1712944080000,23051722752,19390128128
1712944110000,23051722752,19387822080
1712944140000,23051722752,19422830592
1712944170000,23051722752,19417165824
1712944200000,23051722752,19485122560
1712944230000,23051722752,19457314816
1712944260000,23051722752,19500298240
1712944290000,23051722752,19452788736
1712944320000,23051722752,19420090368
1712944350000,23051722752,19302387712
1712944380000,23051722752,19208830976
1712944410000,23051722752,19563397120
1712944440000,23051722752,19501363200
1712944470000,23051722752,19391631360
1712944500000,23051722752,19310075904
1712944530000,23051722752,19159216128
1712944560000,23051722752,19160027136
1712944590000,23051722752,19182227456
1712944620000,23051722752,19166781440
1712944650000,23051722752,19617406976
1712944680000,23051722752,19581710336
1712944710000,23051722752,20362149888
1712944740000,23051722752,20457046016
1712944770000,23051722752,20327096320
1712944800000,23051722752,20105785344
1712944830000,23051722752,20064354304
1712944860000,23051722752,19977351168
1712944890000,23051722752,20415733760
1712944920000,23051722752,20589465600
1712944950000,23051722752,20092604416
1712944980000,23051722752,20001329152
1712945010000,23051722752,19729928192
1712945040000,23051722752,19624787968
1712945070000,23051722752,19631697920
1712945100000,23051722752,19622621184
1712945130000,23051722752,19681906688
1712945160000,23051722752,19517681664
1712945190000,23051722752,19702231040
1712945220000,23051722752,20027080704
1712945250000,23051722752,20015288320
1712945280000,23051722752,19681996800
1712945310000,23051722752,19332718592
1712945340000,23051722752,19727265792
1712945370000,23051722752,19814600704
1712945400000,23051722752,19816198144
1712945430000,23051722752,19902660608
1712945460000,23051722752,19909300224
1712945490000,23051722752,20037545984
1712945520000,23051722752,20066955264
1712945550000,23051722752,20108644352
1712945580000,23051722752,20072898560
1712945610000,23051722752,20015968256
1712945640000,23051722752,19998617600
1712945670000,23051722752,19956563968
1712945700000,23051722752,20034461696
1712945730000,23051722752,20058595328
1712945760000,23051722752,19877662720
1712945790000,23051722752,19618971648
1712945820000,23051722752,19644841984
1712945850000,23051722752,19736973312
1712945880000,23051722752,19914006528
1712945910000,23051722752,19970977792
1712945940000,23051722752,20129148928
1712945970000,23051722752,20185788416
1712946000000,23051722752,20340121600
1712946030000,23051722752,20364087296
1712946060000,23051722752,20333797376
1712946090000,23051722752,20340768768
1712946120000,23051722752,20432793600
1712946150000,23051722752,20274905088
1712946180000,23051722752,20114575360
1712946210000,23051722752,20103503872
1712946240000,23051722752,20142997504
1712946270000,23051722752,20360089600
1712946300000,23051722752,20286066688
1712946330000,23051722752,20485718016
1712946360000,23051722752,20467466240
1712946390000,23051722752,20128223232
1712946420000,23051722752,19580702720
1712946450000,23051722752,19358810112
1712946480000,23051722752,19278966784
1712946510000,23051722752,19866271744
1712946540000,23051722752,19939868672
1712946570000,23051722752,19471831040
1712946600000,23051722752,19603644416
1712946630000,23051722752,19796725760
1712946660000,23051722752,19798491136
1712946690000,23051722752,20019646464
1712946720000,23051722752,19740979200
1712946750000,23051722752,19630092288
1712946780000,23051722752,19610218496
1712946810000,23051722752,19655417856
1712946840000,23051722752,19509727232
1712946870000,23051722752,20056309760
1712946900000,23051722752,20494528512
1712946930000,23051722752,20479229952
1712946960000,23051722752,20504973312
1712946990000,23051722752,20496031744
1712947020000,23051722752,20551372800
1712947050000,23051722752,20558585856
1712947080000,23051722752,20570599424
1712947110000,23051722752,20541505536
1712947140000,23051722752,20569288704
1712947170000,23051722752,20583845888
1712947200000,23051722752,20556001280
1712947230000,23051722752,19352850432
1712947260000,23051722752,19377799168
1712947290000,23051722752,19379789824
1712947320000,23051722752,19442335744
1712947350000,23051722752,19634278400
1712947380000,23051722752,19758501888
1712947410000,23051722752,19968806912
1712947440000,23051722752,19853729792
1712947470000,23051722752,19608854528
1712947500000,23051722752,19761430528
1712947530000,23051722752,20040974336
1712947560000,23051722752,20109320192
1712947590000,23051722752,19859238912
1712947620000,23051722752,19980959744
1712947650000,23051722752,20153221120
1712947680000,23051722752,20229435392
1712947710000,23051722752,19717451776
1712947740000,23051722752,20284080128
1712947770000,23051722752,19892207616
1712947800000,23051722752,19689914368
1712947830000,23051722752,19634302976
1712947860000,23051722752,19457781760
1712947890000,23051722752,19442606080
1712947920000,23051722752,19465457664
1712947950000,23051722752,19390140416
1712947980000,23051722752,19399917568
1712948010000,23051722752,19315736576
1712948040000,23051722752,19136602112
1712948070000,23051722752,19142594560
1712948100000,23051722752,19222097920
1712948130000,23051722752,19423178752
1712948160000,23051722752,19903913984
1712948190000,23051722752,19925540864
1712948220000,23051722752,19441573888
1712948250000,23051722752,19171901440
1712948280000,23051722752,19192209408
1712948310000,23051722752,19157540864
1712948340000,23051722752,19224686592
1712948370000,23051722752,19222061056
1712948400000,23051722752,19226173440
1712948430000,23051722752,19305709568
1712948460000,23051722752,19664949248
1712948490000,23051722752,19722375168
1712948520000,23051722752,19689910272
1712948550000,23051722752,19888656384
1712948580000,23051722752,19938365440
1712948610000,23051722752,20041998336
1712948640000,23051722752,19999940608
1712948670000,23051722752,19934179328
1712948700000,23051722752,19841855488
1712948730000,23051722752,19879178240
1712948760000,23051722752,19747643392
1712948790000,23051722752,19725557760
1712948820000,23051722752,19737452544
1712948850000,23051722752,19674644480
1712948880000,23051722752,19738607616
1712948910000,23051722752,19639898112
1712948940000,23051722752,19685355520
1712948970000,23051722752,19647082496
1712949000000,23051722752,19554058240
1712949030000,23051722752,19591479296
1712949060000,23051722752,19603668992
1712949090000,23051722752,19591208960
1712949120000,23051722752,19664773120
1712949150000,23051722752,19603279872
1712949180000,23051722752,19590864896
1712949210000,23051722752,19582087168
1712949240000,23051722752,19559219200
1712949270000,23051722752,19534266368
1712949300000,23051722752,19584102400
1712949330000,23051722752,19582132224
1712949360000,23051722752,19570667520
1712949390000,23051722752,19596304384
1712949420000,23051722752,19613089792
1712949450000,23051722752,19648577536
1712949480000,23051722752,19678580736
1712949510000,23051722752,19643858944
1712949540000,23051722752,19614466048
1712949570000,23051722752,19607990272
1712949600000,23051722752,19550826496
1712949630000,23051722752,19649388544
1712949660000,23051722752,19561246720
1712949690000,23051722752,19564290048
1712949720000,23051722752,19499376640
1712949750000,23051722752,19476803584
1712949780000,23051722752,19506540544
1712949810000,23051722752,19497680896
1712949840000,23051722752,19546238976
1712949870000,23051722752,19501682688
1712949900000,23051722752,19517575168
1712949930000,23051722752,19523297280
1712949960000,23051722752,19474104320
1712949990000,23051722752,19444621312
1712950020000,23051722752,19503763456
1712950050000,23051722752,19483791360
1712950080000,23051722752,19445444608
1712950110000,23051722752,19477086208
1712950140000,23051722752,19531067392
1712950170000,23051722752,19440402432
1712950200000,23051722752,19484917760
1712950230000,23051722752,19549298688
1712950260000,23051722752,19523010560
1712950290000,23051722752,19517747200
1712950320000,23051722752,19439316992
1712950350000,23051722752,19561422848
1712950380000,23051722752,19643707392
1712950410000,23051722752,19577167872
1712950440000,23051722752,19513184256
1712950470000,23051722752,19515588608
1712950500000,23051722752,19586404352
1712950530000,23051722752,19522932736
1712950560000,23051722752,19534843904
1712950590000,23051722752,19571707904
1712950620000,23051722752,19562946560
1712950650000,23051722752,19577614336
1712950680000,23051722752,19478757376
1712950710000,23051722752,19439640576
1712950740000,23051722752,19432808448
1712950770000,23051722752,19440885760
1712950800000,23051722752,19477463040
1712950830000,23051722752,19395842048
1712950860000,23051722752,19458596864
1712950890000,23051722752,19538640896
1712950920000,23051722752,19500421120
1712950950000,23051722752,19423408128
1712950980000,23051722752,19455614976
1712951010000,23051722752,19410554880
1712951040000,23051722752,19456458752
1712951070000,23051722752,19498446848
1712951100000,23051722752,19363438592
1712951130000,23051722752,19450765312
1712951160000,23051722752,19531706368
1712951190000,23051722752,19399094272
1712951220000,23051722752,19403046912
1712951250000,23051722752,19448918016
1712951280000,23051722752,19516243968
1712951310000,23051722752,19468533760
1712951340000,23051722752,19521294336
1712951370000,23051722752,19539173376
1712951400000,23051722752,19517943808
1712951430000,23051722752,19466674176
1712951460000,23051722752,19527213056
1712951490000,23051722752,19534802944
1712951520000,23051722752,19533864960
1712951550000,23051722752,19527905280
1712951580000,23051722752,19507122176
1712951610000,23051722752,19560792064
1712951640000,23051722752,19467694080
1712951670000,23051722752,19474182144
1712951700000,23051722752,19399933952
1712951730000,23051722752,19399876608
1712951760000,23051722752,19410100224
1712951790000,23051722752,19426488320
1712951820000,23051722752,19450327040
1712951850000,23051722752,19504537600
1712951880000,23051722752,19464749056
1712951910000,23051722752,19472490496
1712951940000,23051722752,19484839936
1712951970000,23051722752,19463888896
1712952000000,23051722752,19526004736
1712952030000,23051722752,19485261824
1712952060000,23051722752,19604176896
1712952090000,23051722752,19592847360
1712952120000,23051722752,19532828672
1712952150000,23051722752,19621711872
1712952180000,23051722752,19553619968
1712952210000,23051722752,19610046464
1712952240000,23051722752,19611074560
1712952270000,23051722752,19578744832
1712952300000,23051722752,19600297984
1712952330000,23051722752,19679322112
1712952360000,23051722752,19558199296
1712952390000,23051722752,19528921088
1712952420000,23051722752,19571945472
1712952450000,23051722752,19571200000
1712952480000,23051722752,19506774016
1712952510000,23051722752,19570954240
1712952540000,23051722752,19538399232
1712952570000,23051722752,19550654464
1712952600000,23051722752,19559272448
1712952630000,23051722752,19546009600
1712952660000,23051722752,19574013952
1712952690000,23051722752,19544039424
1712952720000,23051722752,19569311744
1712952750000,23051722752,19548696576
1712952780000,23051722752,19523637248
1712952810000,23051722752,19610103808
1712952840000,23051722752,19527323648
1712952870000,23051722752,19524186112
1712952900000,23051722752,19538788352
1712952930000,23051722752,19599515648
1712952960000,23051722752,19641987072
1712952990000,23051722752,19527155712
1712953020000,23051722752,19682254848
1712953050000,23051722752,19567267840
1712953080000,23051722752,19642773504
1712953110000,23051722752,19601035264
1712953140000,23051722752,19677564928
1712953170000,23051722752,19635101696
1712953200000,23051722752,19659235328
1712953230000,23051722752,19634102272
1712953260000,23051722752,19644432384
1712953290000,23051722752,19684904960
1712953320000,23051722752,19650908160
1712953350000,23051722752,19610767360
1712953380000,23051722752,19539558400
1712953410000,23051722752,19626344448
1712953440000,23051722752,19594272768
1712953470000,23051722752,19540664320
1712953500000,23051722752,19533672448
1712953530000,23051722752,19524272128
1712953560000,23051722752,19541712896