"Time","Redis","PostgreSQL","rails_2","rails_1","Gitaly"
1712906760000,184.79999999999998,4,87.2,73.6,2.6
1712906790000,176.6,7.59089093088294,91.2,75.6,2.2
1712906820000,161,3.8,82.6,74.4,2.4
1712906850000,149.4,5.8,89,92,2.2
1712906880000,166.6,4,102.6,93.6,2.2
1712906910000,156,8,90.4,88.8,2.2
1712906940000,186.4,4.2,89.4,82,2.2
1712906970000,191.2,4,78.6,80.6,2.2
1712907000000,186,3.8,74,92.6,2.2
1712907030000,161.79999999999998,4,78.6,87.2,2.2
1712907060000,180.4,4.4,89.4,88,2.6
1712907090000,161,5.193767479025169,89.4,87.8,2.2
1712907120000,180.8,4,96.4,89.8,2.2
1712907150000,184,3.8,81.6,83.8,2.2
1712907180000,173.79999999999998,4,81.6,74.2,2.2
1712907210000,166.6,4,75.4,77.8,2.6
1712907240000,153.4,4,88.4,84.6,2.2
1712907270000,189.6,3.5999999999999996,102.8,92.4,2.2
1712907300000,180.20000000000002,4.2,100,84,2.2
1712907330000,156.4,5.2,98.8,75,2.4
1712907360000,191.20000000000002,3.8,82.6,73.4,2.6
1712907390000,177.4,3.5999999999999996,79.6,72.8,2.4
1712907420000,199.4,4,74,86.8,2.2
1712907450000,174.79999999999998,58.8,92.4,102,2.2
1712907480000,162.8,4.4,110.6,92,2.2
1712907510000,184.79999999999998,4,108.6,90.6,2.2
1712907540000,154.6,4,96.2,76,2.2
1712907570000,174.2,4,81.6,83.6,2.2
1712907600000,179,3.8,81.6,74.4,2.2
1712907630000,177.79999999999998,12.2,83.6,72,2.2
1712907660000,193.6,3.8,91.6,88,2.4
1712907690000,229.79999999999998,263.6,252.4,249.2,4
1712907720000,203.4,260.2,231,224.2,2.4
1712907750000,2959.2,722.2,1834,1515,1155.2
1712907780000,2869,1096,1717.6,1776.8,1108.6
1712907810000,220,302.8,243,243.2,5.8
1712907840000,215.6,309.59999999999997,241.6,241.8,4.2
1712907870000,231,1202.1999999999998,501,514.8,3.6
1712907900000,201.20000000000002,1148,515,478,3.4
1712907930000,226.2,1134.6,544.6,554.4,3.4
1712907960000,241.8,1131.4,534,539.6,3
1712907990000,1845.6,1119.8,1358,1413,742.4
1712908020000,1136.8,1049.8,930.8,934.2,405.6
1712908050000,701,2286.6,1286.4,1270.4,3.4
1712908080000,742.6,2099.6,1330.4,1342.8,2.8
1712908110000,223.2,325.6,200.6,220.6,2.8
1712908140000,215.4,319.4,198.8,216,2.6
1712908170000,229.20000000000002,889.4000000000001,634.8,399.4,2.6
1712908200000,231.20000000000002,1335.2,600.8,587.4,2.6
1712908230000,226.6,743.6,697.6,339,2.6
1712908260000,212.6,1742.2,787.2,786.2,2.8
1712908290000,228.79999999999998,963.2,308,492,2.8
1712908320000,285.8,111.2,187.2,192.4,2.6
1712908350000,240.79999999999998,111,156,193.4,2.4
1712908380000,305,113.39999999999999,172,192,2.4
1712908410000,272.6,150.4,150.2,178.4,2.6
1712908440000,261.2,366.59999999999997,205.4,197.6,2.2
1712908470000,212.6,313.40000000000003,214.6,223,2.6
1712908500000,283.6,1123,540.2,550.4,2.6
1712908530000,327.6,1113.2,546.6,530.4,2.6
1712908560000,352.4,4605.799999999999,2255.4,2142.2,2.8
1712908590000,373.79999999999995,4443.400000000001,2400.4,2148,2.6
1712908620000,218.79999999999998,756.4000000000001,342,355.2,3
1712908650000,233,763.1999999999999,382.6,375.2,2.6
1712908680000,213.4,427,313.2,338.8,2.4
1712908710000,203.39999999999998,421.40000000000003,309.8,323,2.8
1712908740000,340.4,1171.6,549.6,548.2,2.2
1712908770000,329.6,1170.8000000000002,521.4,519,2.8
1712908800000,288.40000000000003,262.8,214.2,212,2.8
1712908830000,291.40000000000003,268.4,204.2,225.4,2.4
1712908860000,282.2,268.40000000000003,217.4,233.6,2.6
1712908890000,285.6,267.6,216.8,223.8,2.4
1712908920000,593,1014.1999999999999,509,538.6,2.8
1712908950000,610.6,985.8,510.2,518.6,3
1712908980000,230,464.6,269.2,282.4,2.4
1712909010000,230.2,473.4,253.8,261.2,2.4
1712909040000,227,534.1999999999999,306.2,306.2,2.4
1712909070000,212.4,539.8,309.4,316,3
1712909100000,217.4,1097,503.4,499.4,136.6
1712909130000,210.2,1155.3999999999999,477.8,502.2,147.6
1712909160000,206.4,243.39999999999998,187.8,180.2,2.6
1712909190000,227.6,287.8,198,203.2,4.2
1712909220000,340.79999999999995,482,667.4,319.2,24.6
1712909250000,331.2,1076.6,635.2,658,3.6
1712909280000,354.59999999999997,567.6,315.4,392,220.2
1712909310000,276.6,276.4,236.8,231.4,38.8
1712909340000,296,241,229.8,215.4,47.2
1712909370000,505.20000000000005,484.40000000000003,375.4,370,188.2
1712909400000,398,482.6,266.2,374.4,131.2
1712909430000,263.79999999999995,264.59999999999997,209.8,221.2,2.6
1712909460000,261.8,287.6,193.2,213.4,3
1712909490000,368,377.2,344.4,329.4,157.6
1712909520000,364.2,386.59999999999997,335.6,332.8,156.4
1712909550000,303.79999999999995,543.8,307.6,301.6,99.8
1712909580000,331.6,534,304.2,309.6,100.2
1712909610000,247.6,286.8,662.2,694.6,872.8
1712909640000,255.6,279.6,664.6,673,865.8
1712909670000,368.59999999999997,276.6,425.8,477.2,187.4
1712909700000,386.6,277.2,428.2,460.2,186.6
1712909730000,391.20000000000005,282.6,279.4,287,223.8
1712909760000,364.6,281.4,287.6,286.4,222
1712909790000,222.4,134.4,672,653.8,929.6
1712909820000,226.2,67.8,653.4,648,935.8
1712909850000,363.8,289.2,538.2,587.8,537.2
1712909880000,383,280.4,549.6,553,558.4
1712909910000,426,283.2,374.4,355.2,146.4
1712909940000,397.59999999999997,290.8,353.2,336.6,143.8
1712909970000,367.79999999999995,287.8,344.8,332.8,155
1712910000000,359.59999999999997,288.2,339,346.2,159.2
1712910030000,258.40000000000003,300.2,242.8,251.4,5.4
1712910060000,293.8,298.6,252,239.8,4
1712910090000,291.79999999999995,562.6,304.6,299.6,4.2
1712910120000,300.2,551,295.8,302,3.4
1712910150000,162.4,40.4,99.2,103,1943.2
1712910180000,197,55.2,131.8,6241.2,34.4
1712910210000,211.79999999999998,27,190.6,130.4,64.6
1712910240000,195.2,43.599999999999994,180,198.6,86.6
1712910270000,214,39.2,148.6,169.2,41.2
1712910300000,193.20000000000002,58.2,166,160.2,75.8
1712910330000,174.4,196.2,156.2,168,77
1712910360000,204.2,106.19999999999999,122.8,146.2,4.8
1712910390000,183,110.2,119.2,151.4,5.4
1712910420000,211.2,101,122.4,165.6,3.8
1712910450000,211,106,112,165.4,4.8
1712910480000,253.4,105,142.6,138.8,3.6
1712910510000,233.79999999999998,105.4,162.2,144.2,5.2
1712910540000,403.20000000000005,202.60000000000002,234.4,214.4,3.4
1712910570000,386.59999999999997,193.60000000000002,230.6,227,5
1712910600000,318,212.2,215,229.8,3.8
1712910630000,325.2,209.2,208.2,214.8,5.6
1712910660000,365,197.39999999999998,218.2,223.6,50.4
1712910690000,331,190,218,223,52.2
1712910720000,416.59999999999997,167.2,430.2,405.4,592.8
1712910750000,412.6,165,451.2,417.8,600.2
1712910780000,217.6,73.8,202.8,184.4,112.8
1712910810000,215.8,86,181.4,173.8,95
1712910840000,301.59999999999997,27.200000000000003,147.8,116.4,19.8
1712910870000,403.4,163.6,228.4,222.8,40.4
1712910900000,279.79999999999995,149.2,135.4,226.6,20.2
1712910930000,305,75.8,248.8,231,110.6
1712910960000,316.6,85,246.2,255.8,105.8
1712910990000,250.8,126.2,241.6,284.6,123.8
1712911020000,335.6,129.2,269.8,226,119
1712911050000,264.40000000000003,124.60000000000001,263.4,321.4,106.4
1712911080000,255.4,113.8,395.4,233.4,111.2
1712911110000,324,63.800000000000004,168,173.2,23.8
1712911140000,314.79999999999995,69,134,180.4,20.2
1712911170000,211.79999999999998,219.2,179.4,201.2,7.4
1712911200000,234.2,187.6,186,179.8,4.4
1712911230000,275.79999999999995,138.6,179.8,147.2,6
1712911260000,255,140.4,173.8,142.4,3.8
1712911290000,240.8,140.4,170.2,154.2,5.2
1712911320000,238.4,136.8,145.8,158.4,3.6
1712911350000,209.4,193.60000000000002,235,192.8,14.6
1712911380000,244,433.2,274.8,278.4,15.8
1712911410000,267.2,327.8,180,269.2,22.4
1712911440000,265.8,184.6,328,268.6,198.6
1712911470000,209.8,184.79999999999998,324.4,269.6,208.2
1712911500000,561.1999999999999,171.8,259.8,241,31.4
1712911530000,540.6,170.4,248.6,262,30.2
1712911560000,380.4,210.39999999999998,232.8,239.2,4.2
1712911590000,429.4,210.2,249.8,237.2,5.4
1712911620000,425.4,219.39999999999998,245.2,212.4,3.6
1712911650000,393.20000000000005,215.2,245.6,206,5.4
1712911680000,228.8,201.79999999999998,223.8,152,14.6
1712911710000,215.6,201,214.6,158.2,17.2
1712911740000,199.79999999999998,284.4,175.8,199.6,15
1712911770000,191.79999999999998,245.2,155.2,171.8,18.6
1712911800000,433.4,96,348.6,342,171
1712911830000,380.2,71.8,292,274,188.4
1712911860000,217.4,145.4,212.2,158.6,51
1712911890000,222.4,210.4,217.6,225.4,57.2
1712911920000,182.6,94.4,145.8,124.2,3
1712911950000,233,144.4,172.6,160.4,6
1712911980000,198.2,48.599999999999994,88,108.6,4.4
1712912010000,188.6,4.2,86.4,74.6,5.6
1712912040000,167.4,4,97,81.6,4.2
1712912070000,165.8,4,80.2,92.4,6
1712912100000,204.4,4,78.8,87.6,4.6
1712912130000,170,3.5999999999999996,76.8,71.2,6
1712912160000,180.6,4,89.4,80.2,4.4
1712912190000,149.6,3.8,98.2,94.6,5
1712912220000,153,12,93.4,86.4,4
1712912250000,162.8,3.8,83.4,82.2,5.2
1712912280000,161.6,4,78.6,81,4.2
1712912310000,159.6,4,71.6,78,5.4
1712912340000,181.20000000000002,3.5999999999999996,79.2,75.8,4.2
1712912370000,173.79999999999998,4.2,83.2,87.6,5.2
1712912400000,174.6,3.8,91.8,81,4.2
1712912430000,156.2,4,83.6,72.6,5.2
1712912460000,171.8,4,91.4,85.6,4.2
1712912490000,174,4.4,82,78.8,5
1712912520000,181.79999999999998,4.4,80.2,77.8,4
1712912550000,170.4,4,90,89,5.2
1712912580000,147.6,3.8,87.4,81.2,4.6
1712912610000,185.8,4.2,92.2,88.2,5.4
1712912640000,167,4,84.6,88.6,4.4
1712912670000,163.79999999999998,4,80,75,5.4
1712912700000,178.79999999999998,4,77.4,78.8,4.2
1712912730000,154.79999999999998,4,90.8,92.4,5.6
1712912760000,170.4,4.6,100.4,93.8,4.4
1712912790000,173.4,3.8,93.4,92.2,5.2
1712912820000,165,4.8,93,86.2,4.2
1712912850000,205.8,4,95.2,88.2,5.4
1712912880000,257.8,40.2,211.2,117.2,4.4
1712912910000,224,339.6,268.2,302,5.4
1712912940000,227.79999999999998,344.4,219.4,283.2,4.4
1712912970000,728.6,1281.8,754.4,794.6,142.2
1712913000000,516,1281,553,727.2,25.6
1712913030000,245,404.6,300.2,325.4,4.4
1712913060000,238.79999999999998,408,305.4,314,3.6
1712913090000,230.6,1349.6,575.6,576,4.4
1712913120000,224,1295.8,567.4,535.2,3.4
1712913150000,231.6,1472.6,666,690.4,4.4
1712913180000,240.6,1479.8,668.6,646.8,3.4
1712913210000,580.8,1348.4,725.8,746.6,44.6
1712913240000,488.20000000000005,1344.8,678.8,690.6,3.8
1712913270000,324.79999999999995,779.4,320.4,790,4.6
1712913300000,584.8000000000001,1734.8,794.2,1147,4
1712913330000,712,1800,1167.6,1169.4,4.4
1712913360000,761.4,1677.8,1280.2,1116.8,3.2
1712913390000,233.8,389.2,249.8,266,4.2
1712913420000,243.6,395,272,247.6,3
1712913450000,250.6,1779.3999999999999,758.4,782.2,4.2
1712913480000,249.79999999999998,1776.8,734.2,748,3.2
1712913510000,246.4,2299.6,989.2,920.2,4.2
1712913540000,249,2306,993.4,996.8,3.8
1712913570000,338.40000000000003,383.6,243.6,340.8,4.4
1712913600000,324.20000000000005,145.4,218,217.8,3.2
1712913630000,331.79999999999995,127.60000000000001,234.4,190.8,4.2
1712913660000,324.2,146.2,214.4,199.6,3.2
1712913690000,257.2,220.2,258,187.4,4
1712913720000,228.20000000000002,382.8,257,254,3
1712913750000,307.59999999999997,290.4,542.2,210.4,4.2
1712913780000,340.20000000000005,1480,683.8,684.8,3.2
1712913810000,283.8,1180.6000000000001,985.4,616,4
1712913840000,455.2,3532,2468.4,1416.8,3.4
1712913870000,335,5570,1558,2547.6,4.6
1712913900000,234.4,979,431.4,468.2,3.4
1712913930000,227.79999999999998,954.8,404.8,467.6,4.2
1712913960000,229.8,555,382,392.2,3.2
1712913990000,228.4,570.1999999999999,353.8,349.2,4.2
1712914020000,370.20000000000005,1583.3999999999999,728.6,694.2,3
1712914050000,383.59999999999997,1557.6,680.2,691.2,4.2
1712914080000,326.8,331.2,264.8,287.4,3.4
1712914110000,331.8,343.2,269.6,281.4,4
1712914140000,322.20000000000005,346.59999999999997,262,278.2,3.2
1712914170000,328.6,341.6,267.4,286.2,4.6
1712914200000,743,1287.8,668.6,669.2,3.4
1712914230000,760.6,1285.8,662.4,661.2,4.6
1712914260000,225.4,628,338.4,337.6,3.4
1712914290000,263.8,628.4,343.8,343.8,4
1712914320000,243.4,747.4,380.6,394.8,3.2
1712914350000,246.79999999999998,739.5999999999999,380.6,395.6,4.2
1712914380000,239.79999999999998,1626.4,654.2,682.2,192.2
1712914410000,224.20000000000002,1505,644.8,616.6,187.2
1712914440000,220.4,360.8,238.4,242,3.2
1712914470000,240.4,344.59999999999997,240.8,239.2,4.2
1712914500000,377.40000000000003,1433.8,816.2,844.4,3.6
1712914530000,376.79999999999995,1444,799.6,792,4.4
1712914560000,297,333.6,288,281.4,3.8
1712914590000,308,331,279.2,272.8,4.4
1712914620000,619.4,592.6,485.4,448.2,250.4
1712914650000,599.6,610.4000000000001,476.6,481.8,246.8
1712914680000,324,214.8,303.2,261.8,5
1712914710000,334.20000000000005,350,290.2,275.2,30.6
1712914740000,379.2,276.4,402,232,116
1712914770000,425.4,498.2,434.2,443.6,200.8
1712914800000,326.59999999999997,351.20000000000005,305.2,343.4,87.8
1712914830000,379.40000000000003,696.4,387,397.2,136.2
1712914860000,295.4,705,324.8,397.8,98.2
1712914890000,313.40000000000003,505.6,1435.6,460,894.8
1712914920000,276.6,371.2,641.4,892.2,1006.8
1712914950000,305.4,370.8,861.4,934,1151.4
1712914980000,338.59999999999997,371,710.2,1011.4,1139.8
1712915010000,498,366.40000000000003,507.4,545,253.8
1712915040000,467.4,367,516.8,538.2,247.6
1712915070000,421.20000000000005,364.4,378,390.4,293.6
1712915100000,413.6,365,377.4,387.8,294.8
1712915130000,252.6,71,722.4,697.4,914.8
1712915160000,241,78,659,640,754.4
1712915190000,501.59999999999997,365.2,724.2,676,672.6
1712915220000,424.59999999999997,361.8,653.2,634,687
1712915250000,463.6,368.4,430.8,459.2,193.8
1712915280000,443.79999999999995,363.4,422.8,428.4,192
1712915310000,411.8,366.6,420,410.6,197
1712915340000,414.8,370.8,407.6,425.8,192.8
1712915370000,313.4,397.2,308.2,300.8,4
1712915400000,346.2,395,287.4,290.2,3.6
1712915430000,320.6,746.6,368,356.8,4.2
1712915460000,308.79999999999995,747.4000000000001,361.6,363.8,3.8
1712915490000,160.4,19,18108.4,482.4,5205.2
1712915520000,201.8,46,150.4,146.4,48.8
1712915550000,184.4,58,222,219,106.4
1712915580000,208.6,58.8,209.4,210.6,91.2
1712915610000,201.6,52.599999999999994,180.6,165,89.6
1712915640000,200.6,73.2,184.2,207.8,92.2
1712915670000,193.6,55.8,139.8,172.8,20.2
1712915700000,211.4,138.2,131.4,195.6,4.8
1712915730000,192.6,140,107.4,187.8,5.2
1712915760000,299.8,135.6,158.2,166,4.2
1712915790000,265.40000000000003,133.2,155.6,160.6,5
1712915820000,507.6,260,283.8,262.6,4
1712915850000,457,259,281,276.2,5.8
1712915880000,340.40000000000003,277.6,260.4,256.6,4
1712915910000,352.59999999999997,281.4,268.2,260.2,6
1712915940000,398.40000000000003,252.2,273.6,278.2,66
1712915970000,414,259.6,262.4,260,68.8
1712916000000,540.4,218.2,546.8,537,803.2
1712916030000,548,225,532.8,534.2,800.8
1712916060000,253,124,195.8,199.4,133.4
1712916090000,219.79999999999998,121.2,195.6,202.6,144.6
1712916120000,467.2,228.8,278.4,274,47.6
1712916150000,493,231.8,273,299.6,51.6
1712916180000,348.4,51.4,304.8,170.6,94
1712916210000,393.6,114.4,301,271.8,145.4
1712916240000,312.8,85.2,270.4,207.8,151.4
1712916270000,318.59999999999997,174.8,329.6,330.6,161
1712916300000,206,59.8,235.2,159,65
1712916330000,256.2,148.8,352.4,348.6,150
1712916360000,206.4,103.4,147,406.6,31.8
1712916390000,393.2,74.6,193.6,199.2,25.8
1712916420000,425.2,85.2,190,176.8,23.8
1712916450000,205.4,256,192.6,187.8,7.2
1712916480000,224.2,255,192.8,221.4,5.8
1712916510000,251,184.6,178.6,197,5.2
1712916540000,250.2,187,178.6,196,3.4
1712916570000,308.79999999999995,179.4,192,198.2,5.2
1712916600000,281.20000000000005,182,178.6,185.8,3.8
1712916630000,223.8,424.8,296,265.6,20.6
1712916660000,211,620.4000000000001,266.4,329,15.2
1712916690000,309.8,213,381,335.6,218.8
1712916720000,268.8,233.6,408.6,316.8,251
1712916750000,477.6,68.8,259,170.8,27
1712916780000,742.1999999999999,238.4,323,315.2,37.4
1712916810000,356.4,77.8,233.2,153.4,6
1712916840000,509.6,288.8,267.8,269.4,3.2
1712916870000,319.40000000000003,231.8,160.4,258,5
1712916900000,482.79999999999995,283.8,287.4,294.6,3.4
1712916930000,412.59999999999997,281,206.4,295.4,4.8
1712916960000,230.6,260.2,247.2,198.2,19
1712916990000,246,261.8,248.8,186.6,19
1712917020000,197.20000000000002,349.4,199.8,237.4,19
1712917050000,214,379.2,193.2,198.4,21
1712917080000,406.40000000000003,99,345.6,377,231
1712917110000,336,114.8,289,316.6,169.6
1712917140000,278,276.4,277.8,270.6,75.2
1712917170000,292.40000000000003,255.2,225,267.2,70
1712917200000,220.4,200.39999999999998,158.4,180.6,4.8
1712917230000,229.79999999999998,185.8,184,158.6,4.8
1712917260000,155.79999999999998,4.4,78.2,77.6,3.4
1712917290000,156,5.199999999999999,91.8,85,4.6
1712917320000,176.6,4,76.2,105.4,3.2
1712917350000,162.6,5.2,81.8,92.6,4.6
1712917380000,179,3.8,83.6,86.4,3.2
1712917410000,177,4,85.8,90.6,4.6
1712917440000,181.8,3.8,75.4,76.4,3
1712917470000,186,3.5999999999999996,89.4,79.2,4.6
1712917500000,166.6,5.8,79.6,87.4,3.8
1712917530000,172.6,4.8,80.4,89.8,4.8
1712917560000,179,4,91.2,99.2,3.4
1712917590000,163,3.8,77.8,79.4,4.6
1712917620000,177.20000000000002,4.2,83.8,79,3.2
1712917650000,176.6,3.8,96.6,82.4,5.2
1712917680000,173.6,3.5999999999999996,83.8,98.4,3.2
1712917710000,151,3.8,85.2,92,4.8
1712917740000,163.6,4,79,104.6,3.4
1712917770000,183.6,3.8,80,99,4.6
1712917800000,166.4,3.8,78.4,84,3.8
1712917830000,206.79999999999998,5.2,75,92.8,4.8
1712917860000,151.6,4.2,82.4,93.8,3.6
1712917890000,190.79999999999998,4.2,90.2,85.2,4.8
1712917920000,169,4,78.6,101.4,3.2
1712917950000,157.20000000000002,3.8,77.8,84.2,4.6
1712917980000,191.79999999999998,3.8,79.2,95.4,3.4
1712918010000,190.2,4.4,93.8,81.8,4.6
1712918040000,165,3.8,85.2,81,3.2
1712918070000,194.79999999999998,4,102.2,86.6,5
1712918100000,172.2,3.8,91.8,97.8,3.6
1712918130000,160.4,3.8,93.8,89.6,5
1712918160000,229.4,387.79999999999995,304.8,317,3.4
1712918190000,244.20000000000002,384,288.6,293.8,4.8
1712918220000,563.6,1439.6,758.2,757.8,23.6
1712918250000,571.1999999999999,1410.6,705,697.6,5.2
1712918280000,235.6,386.4,358.6,301.8,3.6
1712918310000,229,451.6,333.6,334.8,4.8
1712918340000,207.6,464,538,287,3.6
1712918370000,240.4,1171,502,508.6,5
1712918400000,228.6,641.2,556.6,349.2,3.6
1712918430000,253.4,1651.2,746.2,712.4,5
1712918460000,297.59999999999997,1318,411.2,630.6,3.4
1712918490000,521.8,1489.8,730,775.8,4.8
1712918520000,413.20000000000005,1493,422.2,763.6,3.8
1712918550000,693,1284.8,1212.6,412.6,5
1712918580000,742.6,1839.2,1175.6,1302.4,3.4
1712918610000,248.6,461.59999999999997,278.4,268.2,4.6
1712918640000,260.4,450.2,277,289.2,3.2
1712918670000,267,1974.2,853.4,839.6,5
1712918700000,285.6,2004.8,800.8,822,3.6
1712918730000,265.8,2517.8,1154.2,1022,4.8
1712918760000,234.20000000000002,2590.6,1107,1127,3.4
1712918790000,362.6,162.8,236.4,261.2,4.6
1712918820000,330.2,162,224.8,253.8,3.2
1712918850000,367.40000000000003,161,238,247.8,4.6
1712918880000,360,161,217.2,237,3.4
1712918910000,255,441.4,262,262,4.8
1712918940000,236.6,458.8,268,264.2,3.2
1712918970000,355.4,1628.6,810,752.8,5
1712919000000,372,1639.2,717.2,761.2,3.4
1712919030000,494.2,6468,3121.2,3123.6,5
1712919060000,493.8,4644.799999999999,2589.2,2790.2,3
1712919090000,260.59999999999997,1099.2,515.4,485.8,4.6
1712919120000,232.79999999999998,1091.6000000000001,513.8,498,3.4
1712919150000,230.2,619.2,442.6,437.2,4.6
1712919180000,251,624.4,395,421.2,3.4
1712919210000,433.2,1633.2,779.2,748.6,4.8
1712919240000,401.79999999999995,1756.2,772.6,742.2,3.2
1712919270000,426.2,510.4,298.6,361.6,4.8
1712919300000,351.2,388.6,297,279.8,3.6
1712919330000,349.4,241.2,319,208.6,4.6
1712919360000,348.8,379,314,307.6,3.6
1712919390000,460.8,277.8,455.6,270.2,4.6
1712919420000,802.6,1473.6,722.8,751.4,3.4
1712919450000,566.8000000000001,1437.4,407.4,750,4.8
1712919480000,292.40000000000003,700.2,361.2,370.4,3.2
1712919510000,270,707.8,271.2,380.6,4.6
1712919540000,231,814.5999999999999,427.2,412.6,3.4
1712919570000,226,812,421.4,427.2,5
1712919600000,251.79999999999998,1902.4,716.6,720.6,173.4
1712919630000,245.20000000000002,1862.4,673.6,694,167.8
1712919660000,280.6,405.8,263.8,250.8,6
1712919690000,272.20000000000005,395,248.6,249.8,5.6
1712919720000,381.8,1582,883.8,886.8,4.6
1712919750000,379.20000000000005,1618.6,916.8,871.2,5.4
1712919780000,342,388,335.6,297.2,3.6
1712919810000,316.20000000000005,377.40000000000003,281.2,318.2,4.8
1712919840000,698,680,518.4,544.4,278.2
1712919870000,705.8,670.4000000000001,521.4,522.2,277.2
1712919900000,331.6,390.4,308.8,306.6,4.4
1712919930000,333.20000000000005,389.8,289.8,287.2,4.2
1712919960000,473.40000000000003,560,473.6,485.2,220.8
1712919990000,478.8,570.1999999999999,481,481,222.2
1712920020000,392.8,779.8000000000001,421.2,454.2,150.4
1712920050000,375.40000000000003,775.5999999999999,424.8,438,151
1712920080000,302.8,407.4,940.4,986.4,1299.4
1712920110000,333.2,487.20000000000005,940.6,1370,1331
1712920140000,364,499.4,1369.6,580,1183.2
1712920170000,316.59999999999997,409.2,891.8,978.6,1285.4
1712920200000,417.59999999999997,380.4,251.8,1203.8,275.6
1712920230000,476.2,404.59999999999997,522.6,659.6,282
1712920260000,492.20000000000005,312.6,402.6,310.8,331.4
1712920290000,469.4,408.4,410.8,404.8,328.6
1712920320000,244,137.4,578.6,354.2,503.6
1712920350000,217.6,81.6,667.4,791.4,807.8
1712920380000,172.4,21.4,341.2,805,622.8
1712920410000,466.20000000000005,406.40000000000003,728.4,766.8,769
1712920440000,453.79999999999995,407.59999999999997,532.4,714.6,660
1712920470000,507.40000000000003,415.2,474.6,486.4,217.6
1712920500000,501.59999999999997,414.8,463.6,465.4,216
1712920530000,455.59999999999997,409,456.6,423,210
1712920560000,456,409.8,447,435.2,217.2
1712920590000,309.2,440.6,338,308.2,5.4
1712920620000,350.6,444.20000000000005,323.4,308.2,5.8
1712920650000,339.8,849.8000000000001,388.8,385.6,4.2
1712920680000,314.40000000000003,860,391.8,393.2,5.8
1712920710000,156.6,50.400000000000006,165.4,3098.4,50
1712920740000,187.79999999999998,42.2,159.8,150.4,49.4
1712920770000,164.4,59,234,230.2,97.6
1712920800000,206.2,57.4,215.4,210,94.8
1712920830000,202.4,73.4,193,200.4,99.6
1712920860000,216.6,74,177.2,207.6,103.2
1712920890000,256.6,150.2,172.4,184.6,4.8
1712920920000,218,140.6,183.2,121.4,4.8
1712920950000,248.6,139,173.8,169,5
1712920980000,249.8,138,174,174.2,4.2
1712921010000,540.8,259,273.8,279.4,4.6
1712921040000,488.40000000000003,255.8,256.2,271,4
1712921070000,375,214.2,272,178.8,4.8
1712921100000,342.20000000000005,276.8,259.8,249.2,4.2
1712921130000,328.59999999999997,93.60000000000001,233,162.4,45
1712921160000,376.4,250.4,275.2,273.4,66.8
1712921190000,260.8,167.79999999999998,179.8,221.2,97.4
1712921220000,535.4,216.39999999999998,535,542.2,788.6
1712921250000,378.6,194,237.4,501.8,401
1712921280000,226.2,126.8,237,204.2,135.2
1712921310000,211.6,112,195.4,228.6,136.2
1712921340000,490,225,303,287.4,42.6
1712921370000,471.40000000000003,230.60000000000002,317.2,294.2,45.8
1712921400000,414.4,107.80000000000001,296,290.2,133.8
1712921430000,467,118,279.2,293.2,121.4
1712921460000,340.20000000000005,169,258,381.4,161.2
1712921490000,338.40000000000003,159.4,294.8,330.4,162.2
1712921520000,307,147.2,377.4,409.8,142.6
1712921550000,254.4,145.8,377.6,523.8,153
1712921580000,416.6,94.2,208.2,199.8,25.2
1712921610000,411.2,84,182.2,198.4,26
1712921640000,240.6,148.6,178,149.8,6.6
1712921670000,224,263,207.2,200.2,7
1712921700000,201.2,256.4,146.2,210.2,3.8
1712921730000,259,185.6,204.6,187.6,5
1712921760000,253.4,185.60000000000002,165.6,200.4,3.8
1712921790000,279.40000000000003,179.6,193,182.4,4
1712921820000,283,185,189.2,1210.6,3.8
1712921850000,232,547.6,300.4,332.2,17.4
1712921880000,206.8,478,378.2,345.4,18.8
1712921910000,259.2,258,384.8,358.4,250
1712921940000,265.79999999999995,250.79999999999998,410.2,344.8,237.8
1712921970000,734.1999999999999,240.2,349.6,333.6,39.6
1712922000000,762,247.6,332.8,333.2,39.6
1712922030000,484.2,275.2,293.4,283.2,3.6
1712922060000,487.2,289.8,288,263,3.8
1712922090000,462.8,172.6,276.8,187.2,4
1712922120000,460.4,284.2,279,280.2,3.6
1712922150000,240.2,130.6,184,175.4,15
1712922180000,252.4,266,196.2,263.2,18.6
1712922210000,207.6,211.4,146.4,212.2,14.4
1712922240000,225.8,371.4,239.6,210.8,21
1712922270000,209,361,212.6,215.6,18
1712922300000,402.59999999999997,100.8,350.8,386,222.2
1712922330000,439.2,120.19999999999999,414.8,408,239
1712922360000,286.6,277.2,268.2,272.6,73.2
1712922390000,283.59999999999997,276.2,285.4,283.8,66.4
1712922420000,204,199,165.4,170.6,5.6
1712922450000,199.6,184.6,167.4,167.8,4.4
1712922480000,181.79999999999998,4,96.6,86.8,4
1712922510000,155.79999999999998,4.8,88,90.4,4.4
1712922540000,173.6,3.8,88.4,92.6,3.8
1712922570000,219.2,3.8,88.8,90.2,4.4
1712922600000,178.8,3.8,85.2,91.4,3.8
1712922630000,194.2,3.8,91.4,86,4.2
1712922660000,168.4,5,83.6,100,3.8
1712922690000,158.2,3.8,96.4,100.2,4.2
1712922720000,169.79999999999998,4.2,90.4,101.6,5
1712922750000,160.4,6,88.6,91,4.4
1712922780000,191.79999999999998,3.8,83.4,93.2,3.6
1712922810000,182,4,82.4,84,4.2
1712922840000,164.8,4,87,84.6,3.6
1712922870000,158,3.8,91.8,87,4.2
1712922900000,170.6,3.8,96.6,85.4,3.8
1712922930000,191.2,4,94.6,97.6,4.2
1712922960000,210.8,4.2,85,90.6,3.8
1712922990000,180.8,4.6,79.4,87.8,4
1712923020000,180.6,4,81.6,80.6,4
1712923050000,215.2,11,99.6,99.6,4.2
1712923080000,169.4,4,85.6,98,3.6
1712923110000,173,4.2,86.8,92.6,4
1712923140000,163,4.2,85,97.2,3.6
1712923170000,175,4,81.4,97.8,4.2
1712923200000,199,3.8,104.2,75.6,3.8
1712923230000,169.2,3.8,92.6,95.2,4.2
1712923260000,149.20000000000002,4,82.6,91.6,3.8
1712923290000,149.79999999999998,4,75.6,84.4,4.4
1712923320000,204.6,4.4,74.4,112.6,4.4
1712923350000,181.2,4.4,74.8,93.2,4.2
1712923380000,195.6,59.6,108.2,116.6,4
1712923410000,208.8,55,123.4,143.4,4.4
1712923440000,203.4,176.60000000000002,172.2,174.2,4
1712923470000,206.6,173.2,158.6,167.6,4.6
1712923500000,195.4,69.8,115.6,130.2,4.2
1712923530000,204.2,59.6,122.8,125,4.4
1712923560000,204.6,235.8,182.6,205,4
1712923590000,181.6,219,174,191.2,4.2
1712923620000,198.2,216.2,177,184.6,4.2
1712923650000,170.79999999999998,209.8,160.2,168.4,4.2
1712923680000,240.4,130.2,174.6,154.4,4
1712923710000,207.2,182.6,161.6,170.8,4.2
1712923740000,255.79999999999998,156.8,299.2,155.8,4.6
1712923770000,319.6,558.5999999999999,362.6,389.8,4.6
1712923800000,220.4,364.8,98.4,305.4,5
1712923830000,186.2,74.8,105,127.4,4.4
1712923860000,178.79999999999998,66.19999999999999,112,117.2,4.6
1712923890000,180.6,239.8,172.8,196,4.2
1712923920000,198.4,234.60000000000002,157,184.6,4.6
1712923950000,200.6,299.6,188.6,195.8,4.6
1712923980000,182.2,295.8,199,194.8,4.4
1712924010000,207.4,28.8,101.8,127.6,4.2
1712924040000,197.20000000000002,25.200000000000003,102,110.6,4.6
1712924070000,193.8,35.6,107.2,116.4,4.6
1712924100000,190.4,27.2,103.4,108.4,5
1712924130000,182.6,76.19999999999999,131.6,112.2,4.2
1712924160000,194.6,71.8,116.6,110.8,4.6
1712924190000,210.2,207.4,172.6,167.6,4.4
1712924220000,196.4,206.6,175.8,172.2,4.4
1712924250000,206.20000000000002,781.4,428.2,427.4,4.2
1712924280000,203.79999999999998,766,436.2,435,4.6
1712924310000,185.2,138.8,133.8,127.6,4.2
1712924340000,186.79999999999998,139.2,140,133.8,4.8
1712924370000,178,87,134,131,4.2
1712924400000,178.4,85.19999999999999,138.4,125.6,5
1712924430000,189.79999999999998,208,151,166,4.2
1712924460000,205.79999999999998,206.43485211830537,156.4,155.8,4.6
1712924490000,229.6,193.79999999999998,119,185.2,4.2
1712924520000,234.4,61.8,119,111.4,4.6
1712924550000,206,88.39999999999999,111.2,150.4,4.2
1712924580000,171.2,61.2,105.4,111.8,4.6
1712924610000,268.2,183,163,160.4,4.6
1712924640000,249.6,192.6,143.8,158.8,4.6
1712924670000,198.8,121.19999999999999,136.6,127.4,4.4
1712924700000,169.2,93.19999999999999,115.2,132,4.6
1712924730000,175.6,71.4,130.4,119.4,4.8
1712924760000,193.4,114.2,128.4,125.2,5
1712924790000,175.8,87,121.8,111.8,9.4
1712924820000,194.79999999999998,206.2,147.4,157,23
1712924850000,178.6,208.2,107.6,153.4,15.2
1712924880000,168,59.2,98.2,122.4,4
1712924910000,161.6,61.8,103.8,108.4,3.8
1712924940000,175,188.8,188.6,186.4,4.2
1712924970000,198.4,195.6,175.2,193,3.6
1712925000000,191.4,56.4,107,103.6,5
1712925030000,219,56,112.6,108.4,4.2
1712925060000,227.8,91,149.2,136,37.8
1712925090000,221.4,98,143.8,139.2,37.2
1712925120000,180.4,56.2,120.8,116.4,7
1712925150000,166.20000000000002,64.6,115.2,107.2,4.8
1712925180000,242,73,129.6,129,22.4
1712925210000,215.4,79,128.2,117.4,21.8
1712925240000,203.4,108.19999999999999,113.6,131.2,21.4
1712925270000,200.2,104.60000000000001,123.6,130.6,20.8
1712925300000,198.79999999999998,58.8,202.2,190.2,160
1712925330000,200.8,62,200.8,198.4,147
1712925360000,209.79999999999998,57.599999999999994,178.8,173,140.8
1712925390000,183.6,58.400000000000006,187.6,172.4,145.4
1712925420000,226.79999999999998,58.8,161.2,168.2,35
1712925450000,209,56.4,209.6,105.4,37
1712925480000,207.4,59.199999999999996,146.4,109,44.4
1712925510000,240,57.2,134.6,104.6,42
1712925540000,209,44,388.8,328.6,418.6
1712925570000,200.79999999999998,45.8,389.8,400.6,446.8
1712925600000,232.8,59.2,185.6,197,97.2
1712925630000,191.4,59.800000000000004,178.6,186.2,97.6
1712925660000,241,44.800000000000004,159.4,117.6,32.4
1712925690000,214.20000000000002,58,139.6,140,32.6
1712925720000,199.20000000000002,38.8,138.2,114.4,41.4
1712925750000,205.4,56.2,133.4,155.6,38.6
1712925780000,183.6,38.6,112.2,138.8,9.2
1712925810000,190.2,64,109.6,133.2,4.6
1712925840000,195.20000000000002,64.2,103.4,109.6,4
1712925870000,199.6,110.6,117.4,111.8,4.8
1712925900000,179.39999999999998,106.4,120.4,114.2,4
1712925930000,171.79999999999998,15,9943.6,118.4,2192.8
1712925960000,173.2,25.599999999999998,103,140.2,26.6
1712925990000,186,20,128.2,134.4,33.6
1712926020000,196.79999999999998,18,114.2,144,28.6
1712926050000,188.4,25.6,104.8,119.8,34.2
1712926080000,200,24,108,110.8,30.2
1712926110000,173.8,44.2,111.4,108.2,4.6
1712926140000,168.79999999999998,39.4,107.2,108.6,3.8
1712926170000,215.4,34.8,108.6,110.6,4.8
1712926200000,208.79999999999998,34.8,106,110.2,3.8
1712926230000,271.4,69.8,122.2,130,5
1712926260000,248.6,69.4,114.2,119.2,4
1712926290000,221,89.6,158,129.8,5.2
1712926320000,219.6,74,146.8,118.8,4.2
1712926350000,245.6,56.2,137.4,135.8,20.2
1712926380000,253.2,66.2,128.6,149.6,21
1712926410000,201.8,57.599999999999994,153.2,116.8,52.4
1712926440000,262.6,53.4,181.6,216,198.2
1712926470000,230,59,130.4,212,166.6
1712926500000,198.6,30.4,112.2,109,28.8
1712926530000,167.2,28.4,109.6,107.6,33.2
1712926560000,245.6,59,146.2,132.8,16.6
1712926590000,259.40000000000003,59.6,148,131.2,17.4
1712926620000,212.4,39,141.8,156.4,36.2
1712926650000,247,28.599999999999998,146,123.6,31.4
1712926680000,202.4,39.4,140.4,150.4,45.4
1712926710000,232.2,53.2,122.2,157.4,45.4
1712926740000,236.4,32.4,137.8,144,42
1712926770000,203.8,37.4,141.2,126.8,43.8
1712926800000,218.2,21.2,134,117.4,16.2
1712926830000,237.2,26.6,122.6,115.8,12
1712926860000,262.6,23.2,115.8,103.4,7.2
1712926890000,174.4,71,104.6,112.6,5.8
1712926920000,187.4,90.8,108.2,132,5.2
1712926950000,182.8,55.4,118.4,114,4.8
1712926980000,198.6,51.8,109.2,119.8,3.8
1712927010000,205.79999999999998,51.8,130.4,103.4,4.8
1712927040000,191,48,114.6,106.2,3.8
1712927070000,187.20000000000002,138,150.8,125.6,9.8
1712927100000,185,151.2,114.4,157.8,7.6
1712927130000,200.79999999999998,35.6,157.4,125.2,48.8
1712927160000,214.6,49.6,152.8,151.2,56.6
1712927190000,303.59999999999997,58.6,136.4,134.8,18.6
1712927220000,269.79999999999995,54.2,129.4,139.2,11.2
1712927250000,247.8,48.2,126.4,115.6,6
1712927280000,245,73.6,118.6,118.6,4.2
1712927310000,219.8,61.4,121.2,127.6,5.2
1712927340000,248.4,76.4,144.4,121,4.4
1712927370000,242.2,78.4,127.2,127.6,5.2
1712927400000,215.2,70.6,133.2,119.4,8
1712927430000,250.6,67.60000000000001,155.6,118.6,9.8
1712927460000,197.4,97.8,134.8,106.8,8.6
1712927490000,201.4,95.6,135.4,142.6,9
1712927520000,244.2,37.6,185.6,164.2,48.2
1712927550000,247.2,35.2,190,222.4,83.4
1712927580000,209.2,77.8,140.8,134.4,24
1712927610000,204.4,76,122.4,127,18.4
1712927640000,198,49.4,112.4,108.6,5.2
1712927670000,185.2,49,125.4,94,5.2
1712927700000,195.9257040143799,4.2,84.8,86.2,4.2
1712927730000,164.6,5.2,94.6,86.8,5
1712927760000,155.4,5,90.6,91.8,4.2
1712927790000,178.4,5.2,85.6,91.6,5
1712927820000,187.8,3.8,93.8,77.6,4
1712927850000,186,5.2,92.2,74,4.8
1712927880000,172.6,4,85.8,86,3.8
1712927910000,159.2,6,87.6,101,4.6
1712927940000,183.6,4.4,102.2,86,4.6
1712927970000,196.2,5.2,89.6,90.4,5.2
1712928000000,215.4,3.8,99.4,91.4,4.4
1712928030000,174.6,5.2,89.8,73.4,4.8
1712928060000,162.8,4,90.2,70.2,3.8
1712928090000,157.6,5.2,83,73.8,4.8
1712928120000,147,4,93,83.2,4
1712928150000,146.8,5.2,90.4,83.2,4.6
1712928180000,159.6,3.8,79.4,86.4,3.8
1712928210000,178.4,6.2,86.6,78.4,4.2
1712928240000,181,3.8,85.2,69.2,4.2
1712928270000,178.2,5,84.8,73.8,5
1712928300000,151.79999999999998,4.2,84,85.2,4
1712928330000,143.2,5.2,82,88.6,5.2
1712928360000,174.6,4,88.4,86.4,4
1712928390000,159.6,5.2,78.2,81.6,5
1712928420000,195.6,4.6,92.6,92,4
1712928450000,164.8,5,81.2,69.6,5
1712928480000,184,3.8,89.4,80.8,3.8
1712928510000,157.8,5.2,84.2,77,4.8
1712928540000,173.2,5,86.4,94.8,4.4
1712928570000,164.6,5.2,77.2,85.8,5.2
1712928600000,183.4,151.4,145.8,164.4,4.2
1712928630000,197.2,115.8,145.8,135.6,5.2
1712928660000,347,263.8,270.6,202.2,4
1712928690000,273.20000000000005,414.2,283.2,265,5
1712928720000,216.20000000000002,152,163.2,165.6,4
1712928750000,217.4,133.4,184.2,158.2,5
1712928780000,193,94,203.8,133,3.8
1712928810000,198.4,541.1999999999999,301,298.6,4.6
1712928840000,173.6,503.4,199.2,283.6,4
1712928870000,195.4,494.6,299.6,265.8,5.2
1712928900000,212.4,494.2,228.2,292.6,4.6
1712928930000,283,439,290.6,291.2,5.4
1712928960000,278.20000000000005,436,290.6,287.2,4
1712928990000,467,1442,814.2,877.4,4.8
1712929020000,473.6,1477.3999999999999,810.2,863.4,4
1712929050000,206,145.8,132.6,134.8,4.8
1712929080000,220.4,144.6,152.2,146,4
1712929110000,173.6,567.1999999999999,323.4,309.6,4.6
1712929140000,186.2,555.4,307.8,299.4,4
1712929170000,195.6,744.8,358,352.8,5.4
1712929200000,216.8,731.5999999999999,359.4,341.6,4.4
1712929230000,241.4,55.2,136,120.8,5
1712929260000,246.4,54,141,120.6,4.4
1712929290000,208.4,59.400000000000006,135.6,119.8,5.2
1712929320000,248.20000000000002,52.4,138.4,118,4
1712929350000,174.8,142.8,136.4,127.4,5
1712929380000,206.6,137.8,143,128.4,3.8
1712929410000,216,480.2,285.4,289,4.8
1712929440000,232.79999999999998,462.4,279.4,280.8,4
1712929470000,266.4,1902.8,993.2,901.4,5.2
1712929500000,259.2,1906.2,1038,933,4
1712929530000,216.4,336.79999999999995,221,197,5
1712929560000,213.6,329.8,222.6,204.8,4
1712929590000,179.4,198.39999999999998,180.2,186.6,5.2
1712929620000,208.2,185.60000000000002,191.2,174,3.8
1712929650000,271.40000000000003,323.4,288.8,209.4,5
1712929680000,217.8,488.8,269.8,242.2,3.8
1712929710000,277.59999999999997,264.4,304.4,205.4,4.8
1712929740000,231,120.6,144.4,154.2,4
1712929770000,214.8,78,129,115.4,5
1712929800000,227.2,122.80000000000001,145,139,4
1712929830000,220.20000000000002,123.6,161.6,133,5.4
1712929860000,328.6,418.2,269.4,254.6,4.2
1712929890000,320.79999999999995,418.6,215.6,284.2,5.2
1712929920000,209.79999999999998,210.8,183.2,155,4
1712929950000,191,210,165.6,163,5
1712929980000,202.2,242.8,182,167.4,3.8
1712930010000,201,244.8,184,182.2,4.8
1712930040000,171.2,472.59999999999997,256.6,256.4,64.8
1712930070000,218,478.4,259.2,269,67.4
1712930100000,212.8,128.4,138.6,125.8,6.2
1712930130000,204.2,128.79999999999998,141.2,119.8,5.8
1712930160000,234,442.20000000000005,335,297.4,4.8
1712930190000,244.8,448.2,331,319.6,6.2
1712930220000,216.2,120.60000000000001,146.6,156.6,4.8
1712930250000,207.6,119.8,151,149.8,5.8
1712930280000,325.4,211.4,208,196,82.8
1712930310000,311.2,212,213.4,200.6,82.4
1712930340000,199.6,116.8,157.6,152.4,4.6
1712930370000,196.79999999999998,122.6,153,145.8,4.8
1712930400000,285.8,165.6,223.2,202.4,63.8
1712930430000,257.4,169.6,200.4,195.6,71
1712930460000,232,239,179.4,193,47.2
1712930490000,262.4,232.79999999999998,184,164.4,47
1712930520000,203.20000000000002,124.6,356.2,296.2,354.6
1712930550000,210.6,131.6,332.4,327.2,358.2
1712930580000,220.4,134.4,337.6,345.6,363.2
1712930610000,201.4,123.4,490.8,160.87970676441185,374.4
1712930640000,292,101,276.2,269,81.4
1712930670000,248,124.6,253.4,235.2,83.4
1712930700000,265.40000000000003,80.4,189.4,172.8,98.2
1712930730000,256.4,124.4,181.8,177.8,98.8
1712930760000,208,65.6,393.2,130.6,269.4
1712930790000,240.2,93.19999999999999,691.2,762.6,951
1712930820000,180.20000000000002,38,198,566.8,195.2
1712930850000,247.2,126.39999999999999,296.2,280.4,214.6
1712930880000,229.2,120,217.4,280.6,173
1712930910000,309.79999999999995,122.4,208.8,214,66.2
1712930940000,263,122.4,201.6,203.8,67
1712930970000,264,121,189.6,180.8,71.4
1712931000000,238.2,122.19999999999999,194.4,178.2,80.4
1712931030000,209.6,134.2,152,149.2,6
1712931060000,188.8,131.8,153.4,154.8,5.8
1712931090000,204.8,248.4,166,180.2,4.4
1712931120000,271.79999999999995,240.20000000000002,169,181.2,5.8
1712931150000,181.4,24.4,126,8561.4,30
1712931180000,180.6,22.599999999999998,125.2,99.8,27.8
1712931210000,179,23,126.6,104,31.8
1712931240000,166.4,19.2,133.8,121.8,34.8
1712931270000,189.2,24.4,114.4,137,33.8
1712931300000,165.20000000000002,25.400000000000002,112.4,134.8,28
1712931330000,196.4,2319.7999999999997,86.2,119,5.4
1712931360000,210.8,39,92,102.2,5.6
1712931390000,204.6,37.8,118.6,91.4,4.4
1712931420000,207.6,39,116,104.4,5.8
1712931450000,212.20000000000002,35.2,129.2,118.8,4.6
1712931480000,269.2,70.2,139.2,146.2,5.4
1712931510000,246.4,68.2,110.77724358974359,141.2,4
1712931540000,220.8,77,125.6,130.4,5.4
1712931570000,232.2,75.6,121.6,112.6,3.8
1712931600000,203,68.39999999999999,135.4,106.6,22.2
1712931630000,220,72.8,135,121.4,19.8
1712931660000,286.2,55.2,232.8,206.6,191.4
1712931690000,248,61.400000000000006,185.6,230.4,196.4
1712931720000,183.4,26.799999999999997,133.4,113.2,32
1712931750000,200.4,31,118.6,114.8,40.2
1712931780000,235.2,57.8,140.2,113.8,16.8
1712931810000,239,62.4,137.6,127.4,16
1712931840000,213.2,32.8,137,133.6,35
1712931870000,246.39999999999998,26.8,141.2,137.6,27.6
1712931900000,243.2,44.199999999999996,129.4,163.4,40.2
1712931930000,216.8,50.2,124.6,134.2,47.6
1712931960000,191,40.6,121.8,213.8,35.8
1712931990000,212.4,44.599999999999994,132.4,145.8,35.2
1712932020000,247,33.4,114,119.6,16.6
1712932050000,248.6,28.799999999999997,121,127.2,11.4
1712932080000,227,29.400000000000002,108.4,125.6,12.4
1712932110000,194,93.4,117.6,122.2,4.6
1712932140000,169.2,62.8,113.4,102.4,6
1712932170000,219.6,52.4,119.2,105,3.6
1712932200000,182.79999999999998,40.4,109.4,107,5.6
1712932230000,201.6,49.800000000000004,106.8,115.4,4.2
1712932260000,199.4,50.400000000000006,112.2,101,5
1712932290000,217.2,108,146,140.6,7.6
1712932320000,198,94.2,169.2,133.6,11
1712932350000,185.8,61.2,109.6,134,32.4
1712932380000,176.4,82.2,156.8,155.8,60.4
1712932410000,210.2,60.800000000000004,161.6,157.8,59.4
1712932440000,320.8,57.2,134.6,163.6,15
1712932470000,329,62.400000000000006,140.6,130.2,14.4
1712932500000,261,77.39999999999999,156,136.6,5.8
1712932530000,247.4,77.60000000000001,146.2,137,4
1712932560000,227.79999999999998,75.2,147,141.8,5
1712932590000,254.79999999999998,78.80000000000001,143,151.4,4
1712932620000,229.8,66.8,126.6,126.4,9.8
1712932650000,195.2,66.39999999999999,117,104.4,8.8
1712932680000,225.79999999999998,91.80000000000001,134.6,130.4,10.6
1712932710000,189,102.8,142,119.8,7.6
1712932740000,231,21.6,149.4,182.8,62.8
1712932770000,263.4,31.400000000000002,157.2,192,58.4
1712932800000,203.6,74.8,135.4,149.6,26.4
1712932830000,192.2,76,122.6,120.6,21.4
1712932860000,194.4,37.4,142,89.2,6.2
1712932890000,205.4,52.8,129.6,91,3.6
1712932920000,155.2,36.8,89.2,97.6,4.6
1712932950000,191.6,5.199999999999999,104.6,101.8,3.6
1712932980000,169.79999999999998,4.2,91.4,94.4,4.6
1712933010000,177.8,6.2,83.8,94.8,3.6
1712933040000,169.8,4,85.4,83.2,5
1712933070000,185,5.6,90.6,80.6,3.6
1712933100000,179.6,4,91.8,94.6,5
1712933130000,186.79999999999998,5.4,85.4,101.2,3.6
1712933160000,187,3.8,90,119.4,5
1712933190000,161,6.199999999999999,91.6,91.8,3.6
1712933220000,196.6,4,92,90,5
1712933250000,173.79999999999998,5.4,88.6,82,3.6
1712933280000,196,3.5999999999999996,88.4,78,4.8
1712933310000,189.8,5.4,100,91.4,3.6
1712933340000,165.79999999999998,3.8,92.6,89.6,4.6
1712933370000,157.6,5.4,89.2,105.6,3.8
1712933400000,164.2,3.8,87,104.6,5.4
1712933430000,187.4,5.2,86.6,87.4,3.6
1712933460000,189.8,3.8,87.4,85.8,5.4
1712933490000,186.4,5.2,89.8,89,3.6
1712933520000,170.79999999999998,4.2,101,96.6,5.4
1712933550000,147.2,5.2,90.2,95.2,3.6
1712933580000,186,3.8,97.4,93,5.4
1712933610000,230.4,6.2,98.2,81.2,3.4
1712933640000,198.2,4,84.4,72.2,5.2
1712933670000,185.8,5.2,84.2,73,3.6
1712933700000,153.20000000000002,3.5999999999999996,83.2,82,5
1712933730000,157.20000000000002,5.2,91.6,103,3.8
1712933760000,177.79999999999998,3.5999999999999996,100.2,95.4,5
1712933790000,179.8,5.2,92.4,89.8,3.6
1712933820000,244.8,13.4,172.8,86.8,5
1712933850000,259,344.20000000000005,282,260.6,3.6
1712933880000,222.79999999999998,335.8,231.4,239.8,5
1712933910000,470.59999999999997,1268,672.6,633.6,4
1712933940000,470,1267,652.8,637.6,5
1712933970000,245,404.40000000000003,312.6,324.6,3.6
1712934000000,254.4,405,296.4,307.2,5.8
1712934030000,190,1157.8,513.4,494.6,3.6
1712934060000,186.20000000000002,1128.6,537.2,452.8,5.4
1712934090000,217.6,1478.2,680.6,695.8,3.6
1712934120000,239.4,1490.8,670.4,680.2,5.4
1712934150000,490.2,1359.2,710.2,681.4,3.6
1712934180000,531.6,1336.1999999999998,678.4,665.6,5.6
1712934210000,746.6,1926.8,1244.6,1377.8,3.4
1712934240000,571,1823.1999999999998,598.2,1223.6,5.4
1712934270000,237.79999999999998,395.40000000000003,242.2,267.6,3.8
1712934300000,237.8,405,262.6,258.2,5.4
1712934330000,233.6,1774.4,790,762.2,3.6
1712934360000,234.79999999999998,1769.2,777.2,742.4,5
1712934390000,241.79999999999998,2310.4,958.8,953.6,3.4
1712934420000,265.6,2288.2000000000003,914,896.8,5.2
1712934450000,367.20000000000005,147.60000000000002,216.4,236.6,3.4
1712934480000,332,148.79999999999998,243.4,225.2,5.4
1712934510000,333.6,148.20000000000002,236.8,233,3.4
1712934540000,349.40000000000003,146.6,234.4,207.6,5.2
1712934570000,267.20000000000005,397.6,264.8,252.2,3.6
1712934600000,261,397.4,254.6,254,5.4
1712934630000,361.8,904,693.4,462.6,3.8
1712934660000,346.20000000000005,1479,690,694.2,4.8
1712934690000,384.59999999999997,1464,2266.4,653.4,4
1712934720000,346.20000000000005,2481.6000000000004,1944.8,693.6,5
1712934750000,196,3192,293.6,1906,3.6
1712934780000,257,970,430.8,486.2,5
1712934810000,256.40000000000003,928.6,284.8,474.8,3.6
1712934840000,240.79999999999998,558.6,380.4,360.6,5
1712934870000,248.2,560.8000000000001,302,363.6,3.8
1712934900000,343.20000000000005,1555.6,674.4,720.8,5.4
1712934930000,347.8,1556.8,635.4,705.2,3.6
1712934960000,348.4,353.2,253.4,273.8,4.8
1712934990000,347.59999999999997,335.2,262.2,262.8,3.8
1712935020000,365.4,330,269.2,261.8,5.2
1712935050000,326.2,350.6,276.4,266,3.6
1712935080000,761,1315.8,663.6,691.6,5.392450569203116
1712935110000,756.1999999999999,1296.6,665.4,663.8,3.6
1712935140000,222.4,631.4,324.6,356.2,5
1712935170000,255.8,641.4,318,350.4,3.8
1712935200000,230.6,748.4,383.6,377.8,5.4
1712935230000,219.4,741.6,376.6,381.2,3.8
1712935260000,231.20000000000002,1652.6,641.2,700.4,182.6
1712935290000,232.4,1534.8000000000002,615.2,615.6,182.6
1712935320000,249.2,350.8,235.6,243.2,6.6
1712935350000,271.59999999999997,355.6,227.2,238.2,3.2
1712935380000,373.79999999999995,1420.6000000000001,821.6,816.6,5.4
1712935410000,343.20000000000005,1416.3999999999999,813.8,754.6,3.6
1712935440000,280,334,295.2,286.6,5.6
1712935470000,272.2,347.8,269.8,269.6,4.2
1712935500000,631.8000000000001,608,466.4,482.4,250.8
1712935530000,629.6,608.8,458.2,486.4,250
1712935560000,316.4,347.8,281.4,349.4,5
1712935590000,299.2,348,270,269,4.8
1712935620000,422,348.8,427.4,290.2,174.8
1712935650000,424.4,509.6,439.8,416,201.4
1712935680000,346.6,407.4,445,310,112.2
1712935710000,363.40000000000003,699,377.2,380,135.6
1712935740000,311.20000000000005,433,549.2,283,540
1712935770000,330.59999999999997,452.4,855.2,1075,1182.2
1712935800000,291.8,341,483,844.4,573.8
1712935830000,337.8,368,837.2,849.8,1134.2
1712935860000,268.40000000000003,435.8,273.6,1338.4,809
1712935890000,416.40000000000003,365.4,479.4,601,251.6
1712935920000,452.40000000000003,364,472.8,585,250.4
1712935950000,438.40000000000003,372.2,359.8,366.8,299
1712935980000,433.79999999999995,364.8,368.4,345.8,299.2
1712936010000,227.79999999999998,77.80000000000001,732.8,722.4,839.4
1712936040000,253.8,63.4,705,620,984.4
1712936070000,422.20000000000005,367.59999999999997,717,695,677.2
1712936100000,414,367.59999999999997,647.8,626,675.6
1712936130000,474.2,368,422.8,469.8,192.8
1712936160000,493.4,362.4,406.2,449.8,196
1712936190000,433.20000000000005,365.8,391,395.2,198.6
1712936220000,441.8,369.8,416.2,398.4,193.6
1712936250000,305.40000000000003,395.40000000000003,302,296.6,5.8
1712936280000,307,398.2,315.4,292.4,3.6
1712936310000,314.59999999999997,756.5999999999999,387.6,358.8,5.8
1712936340000,301,753.5999999999999,352.4,357.2,4
1712936370000,165.20000000000002,26.8,11749.8,13475.2,4786.4
1712936400000,173.20000000000002,43.6,141,136.4,52.6
1712936430000,206.6,71.6,254.2,230.6,116.2
1712936460000,206,54.800000000000004,223.8,223.6,95.2
1712936490000,197.2,76,233,176.4,102.2
1712936520000,201.6,73.4,194.8,178.8,103.4
1712936550000,303.4,62.199999999999996,142.2,148.8,3.8
1712936580000,220.2,144,116.4,179.4,5.2
1712936610000,222.4,115.6,134.4,168.2,4
1712936640000,261.40000000000003,134.6,173.6,168.8,4.6
1712936670000,256.8,139.6,281.8,177.8,4
1712936700000,485.6,254.39999999999998,270.4,263,5.2
1712936730000,542.4,260.59999999999997,278.2,290.8,4.6
1712936760000,371.2,276,237.2,242.6,5.6
1712936790000,361.59999999999997,279,246.2,242.6,4.6
1712936820000,397,253,274.8,258,68
1712936850000,369.2,257.8,268.6,263,68.8
1712936880000,509,214.60000000000002,547.6,545.6,803.8
1712936910000,491.2,214.4,524.2,531.6,787.8
1712936940000,221,119.4,194.2,218,133
1712936970000,231.6,118.19999999999999,219.6,200.6,139.4
1712937000000,517,233.79999999999998,278.2,287,50.8
1712937030000,504.4,234,277.2,287,45.4
1712937060000,404,76.4,285,235.4,103
1712937090000,383.4,109.6,265.2,274,109.6
1712937120000,378.2,121.19999999999999,303.2,290.2,172.8
1712937150000,324.40000000000003,165.39999999999998,374,330.2,171.6
1712937180000,252,60.2,329.6,179.8,84.6
1712937210000,311.8,148,490.2,473.2,145.2
1712937240000,243,56.4,126,276,18.4
1712937270000,395.6,83.2,187.8,207.2,25.2
1712937300000,365,94,159.6,186.4,20.8
1712937330000,206,246,212.6,199.6,6.6
1712937360000,210.4,266.2,195.6,226.8,8.2
1712937390000,279.8,183.60000000000002,183.4,195.8,4.6
1712937420000,285.59999999999997,182,184.4,200.2,5.2
1712937450000,269,186.39999999999998,185.6,186.8,4.2
1712937480000,272.2,183.2,193,185.4,5
1712937510000,221.8,455.2,395.4,321.2,22.6
1712937540000,237.4,558.8,305.6,298.8,18.4
1712937570000,340.40000000000003,217,436,270.4,184.2
1712937600000,256.40000000000003,288.8,379,309,202.8
1712937630000,232.4,198.4,152,265.8,61.6
1712937660000,630.6,201.8,328.6,281.2,37.2
1712937690000,529.4,217.8,190,318.8,24.8
1712937720000,462.8,287.6,273.6,275,4.6
1712937750000,494.6,293.59999999999997,272.4,268.4,3.4
1712937780000,482.6,285.8,288,259.3186372745491,4
1712937810000,466,283.2,271.8,264,4
1712937840000,241.6,262,172.4,247.2,19.2
1712937870000,253.4,264.6,178.8,246.4,19.8
1712937900000,216.79999999999998,381.40000000000003,184.8,232.4,20.2
1712937930000,186.6,380.4,168,237,19.6
1712937960000,406,97.2,264.6,438,262.2
1712937990000,398.8,111.2,396.2,347.4,184.4
1712938020000,281.4,272.6,271.4,258.8,70.4
1712938050000,261.2,276.8,263.8,260.8,71.6
1712938080000,190.6,185,161.6,190,4.8
1712938110000,182,189,170,171.2,4.2
1712938140000,178.8,5.8,82,90.2,5
1712938170000,183.79999999999998,4.8,93.6,80,4.2
1712938200000,180.8,3.8,92,84.8,5
1712938230000,173.39999999999998,5,83.8,80.2,4
1712938260000,174.8,4,83.4,91.6,4.8
1712938290000,176,4.8,85.2,89.4,4.2
1712938320000,191.4,3.8,91.4,93.8,5
1712938350000,176,4.8,87.8,78.2,4.4
1712938380000,175.2,5,85.2,81,5.4
1712938410000,150.6,6,84.4,83.6,4
1712938440000,162.2,3.8,83.2,104.6,5
1712938470000,184.2,4.8,77.2,92.8,4.2
1712938500000,192.2,3.8,81.4,97,5
1712938530000,176.4,5,90.8,89,4.2
1712938560000,173.79999999999998,3.8,97.4,80,4.6
1712938590000,184.79999999999998,4.8,100.8,86.2,4
1712938620000,179.8,4,80.4,87.4,4.8
1712938650000,157,4.8,78.4,85.6,4.6
1712938680000,161.6,3.8,85,82.2,5.2
1712938710000,152.4,5,89.2,78.4,4.2
1712938740000,166.6,4,89.4,76.6,4.8
1712938770000,185.2,4.8,87.8,95.8,4.2
1712938800000,202.79999999999998,4,99.6,86.8,5.2
1712938830000,185.6,5,96.4,88,4.2
1712938860000,169.4,3.8,88.4,77.8,4.8
1712938890000,174.6,5,85,85.2,4.2
1712938920000,164.6,4,89,76.8,4.8
1712938950000,180.79999999999998,5.2,88,81.2,5
1712938980000,185,4.6,90.2,85.6,5.2
1712939010000,178.6,5,83.6,84,4.2
1712939040000,284,208.2,329,186.4,5.4
1712939070000,242,423.40000000000003,308.6,306.8,4.6
1712939100000,999.2,272.8,1026.8,241.2,402.8
1712939130000,3403.8,1281.6,2092.2,1904.4,1318.6
1712939160000,989.1999999999999,1313.6000000000001,445.4,1496.4,336.6
1712939190000,246.6,502.40000000000003,351.8,345.2,3.6
1712939220000,244.4,504.8,280.4,347,4
1712939250000,190,1128.6,475.6,484,3.2
1712939280000,205.6,1120.8,512.8,515.2,4.2
1712939310000,249,2041.6,852.8,874,3.4
1712939340000,247,2042.1999999999998,852.6,857.4,4.6
1712939370000,1486.3999999999999,1928.6000000000001,1278.2,1415.4,502.4
1712939400000,1048.4,2059.2,1078.8,1136.8,246.4
1712939430000,585.1999999999999,1039.2,911.2,803.8,4.8
1712939460000,585,1540.6,556.8,924.4,4.6
1712939490000,695.4,1675.8,1205.2,1154.2,4
1712939520000,593,961,959,110.2,5.2
1712939550000,275.40000000000003,513.6,283.8,306,3.8
1712939580000,271,513.2,273.8,281,5
1712939610000,269,2235.6,940.8,966,4.2
1712939640000,241.2,2216.6,925.2,891.4,4.8
1712939670000,242.4,2772.2,1185,1171,4.2
1712939700000,281.6,2637.6,1068.4,1032.6,4.8
1712939730000,383.6,300.40000000000003,246.4,343.6,4.8
1712939760000,401,178.2,226.2,249,4.6
1712939790000,404.59999999999997,149.6,282.6,211,4
1712939820000,371.8,175.39999999999998,264.8,236.8,4.4
1712939850000,243.6,241.20000000000002,313.6,194.8,3.2
1712939880000,266.6,500.40000000000003,294.4,289,4.2
1712939910000,315.4,331.59999999999997,632.4,218.6,3.6
1712939940000,389,1809.4,804.6,812.4,4.6
1712939970000,343,1576.1999999999998,1059.4,778.4,4
1712940000000,520.1999999999999,2970.6,2781.2,1881.8,4.6
1712940030000,422.2,4131.6,1366.6,2857.6,4
1712940060000,251.4,1202.6,563.8,537.2,4.8
1712940090000,262.2,1201.2,538.4,568.6,3.8
1712940120000,248.4,697.1999999999999,452.4,439.4,4.4
1712940150000,245,687.4,424.2,418,3.8
1712940180000,455.2,1935.2,836.4,861.6,4.4
1712940210000,404.79999999999995,1926.6000000000001,845.4,832.6,3.8
1712940240000,362,439.2,315.8,321.4,4.6
1712940270000,384.40000000000003,437.8,310.8,308.4,3.8
1712940300000,397.59999999999997,438.2,307.2,316.6,4.6
1712940330000,396.4,446.2,303.4,321.6,4.2
1712940360000,898.2,1582,798.4,806,4.8
1712940390000,889.6,1625.6,812,818.6,3.6
1712940420000,274.40000000000003,761.1999999999999,403,414.6,4.6
1712940450000,253.4,768.1999999999999,410,401,3.4
1712940480000,259.2,906.4,469.6,463.2,4.2
1712940510000,243.2,912.8,447.4,452,3.4
1712940540000,254.79999999999998,1898.6,669.4,707.2,167
1712940570000,264.8,1890.4,652,672.8,162.4
1712940600000,250.2,448,284.4,271.4,4.2
1712940630000,267,451.2,276.2,263.8,3.2
1712940660000,408.20000000000005,1776.6,968.2,1031.2,4.8
1712940690000,405.20000000000005,1773.8,941.2,995,3.4
1712940720000,370,448.6,343.2,428,4.8
1712940750000,324.6,433.8,308.4,313.4,3.8
1712940780000,733.6,465.2,605.2,367.2,311.8
1712940810000,728.2,765.2,583.8,569.2,311.8
1712940840000,309.8,341.2,408.4,357.4,162.4
1712940870000,343.4,436.40000000000003,364.8,308.8,44.4
1712940900000,359,311.79999999999995,324.4,237.8,80.2
1712940930000,522,626.8,523.4,500,257.4
1712940960000,359.79999999999995,590.4000000000001,355.2,507.6,135.2
1712940990000,405.79999999999995,869.1999999999999,461.8,476.4,166.4
1712941020000,425,848.8,363,469.8,143.2
1712941050000,333.20000000000005,520.8,1587.4,966.6,1299
1712941080000,326.20000000000005,447,993.4,1020.6,1450.2
1712941110000,319.8,496.59999999999997,373.2,1518,1082.4
1712941140000,265.6,421,181,1607.6,992.6
1712941170000,515.6,446.59999999999997,659.8,635.6,311.2
1712941200000,490.8,448.8,640.4,615,309.8
1712941230000,485.2,465.59999999999997,418.6,447.6,365.8
1712941260000,478,451.4,442,422.8,367.6
1712941290000,240.8,65.2,663.2,548.4,780.4
1712941320000,227.8,72.8,510.6,667,656.6
1712941350000,493.20000000000005,447.40000000000003,890,855.2,860
1712941380000,477.20000000000005,448.8,853.2,808.8,847.8
1712941410000,519.6,450.59999999999997,540,549,240
1712941440000,516.4,447,503,510,235.6
1712941470000,484.79999999999995,451.2,473.6,474.8,238.2
1712941500000,501.20000000000005,447.8,462,456.2,229.2
1712941530000,328.40000000000003,488.4,338.6,355.4,5
1712941560000,335.8,489.6,339.8,345.6,4.2
1712941590000,379.40000000000003,941.4,436.2,446.4,4.6
1712941620000,324.40000000000003,919,427.2,440.2,4
1712941650000,198.4,49.4,14504.4,155,2542.6
1712941680000,190,48,119.6,142.8,49
1712941710000,182.20000000000002,29,181.6,137.6,55
1712941740000,208.20000000000002,58.6,214.2,227,119.6
1712941770000,167.8,59.6,153.4,240.4,67.4
1712941800000,182.39999999999998,71,200.6,208.4,105.4
1712941830000,221.2,73.80000000000001,191.6,195.2,96.6
1712941860000,220.20000000000002,138.8,175.8,116.6,4.2
1712941890000,226.20000000000002,136.8,167.4,117.6,4.8
1712941920000,225.6,140,159.2,170,4.2
1712941950000,253.6,143.4,165.2,181,4.4
1712941980000,485.40000000000003,252,276.2,279.8,3.6
1712942010000,511.79999999999995,253.8,272.2,282.2,4.6
1712942040000,378.40000000000003,317.8,241.4,256.4,3.8
1712942070000,365.79999999999995,278.6,256.8,248.2,4.6
1712942100000,398.4,265.40000000000003,270,271.6,66.4
1712942130000,377.20000000000005,250.2,270,262.6,68.8
1712942160000,530.1999999999999,215.4,483,571,747.4
1712942190000,552.8000000000001,227.8,544,545,786
1712942220000,244.6,122,222.8,261,121.4
1712942250000,224.20000000000002,122.4,225,185,148.2
1712942280000,483.6,163.2,301.4,222.6,47
1712942310000,509,230.6,274,267,51.4
1712942340000,257.8,17,175,141,52.4
1712942370000,369.2,96.8,288.6,267.6,120.8
1712942400000,238.20000000000002,76.6,134.2,216.2,21.4
1712942430000,315.20000000000005,167.8,379.4,310.2,175.6
1712942460000,314.2,167,289.2,360.8,153.4
1712942490000,257.6,155.8,401,439.4,148.8
1712942520000,273.4,156.6,350.8,350.6,129
1712942550000,409.8,82,187.6,208.6,27.4
1712942580000,412.5874125874126,83.6,188.6,198.2,28.4
1712942610000,228.2,259.8,222.6,197.4,7.6
1712942640000,213,279,189.8,213.4,6.6
1712942670000,268.79999999999995,181.4,190.4,193,5.6
1712942700000,260,180.6,179.4,205.2,3.6
1712942730000,289.40000000000003,180,190.2,210.4,4.4
1712942760000,267.79999999999995,187.8,185.8,196.4,3.4
1712942790000,244,386.2,280.4,270,19.8
1712942820000,222.79999999999998,354.6,310,225.8,19.4
1712942850000,193,157.4,172.8,165.2,9.4
1712942880000,250.4,258,392.6,333.6,230.2
1712942910000,258.4,236.79999999999998,404.2,323.2,236.8
1712942940000,742.2,242,278,306.4,38
1712942970000,750.1999999999999,227.2,292.6,318.2,39
1712943000000,501.59999999999997,284.4,291.2,273.4,5
1712943030000,472.20000000000005,282.6,284.6,287.4,4.8
1712943060000,464.4,286.2,283,282.6,4
1712943090000,448.4,288,271.4,292,5.2
1712943120000,273,269.8,180.8,267.8,19.2
1712943150000,255.20000000000002,266.6,181.8,231.2,21.4
1712943180000,197.8,337.6,199.4,213.6,22
1712943210000,185.4,363.8,190.4,208.4,20.8
1712943240000,399.79999999999995,75,353,391.6,227.8
1712943270000,448.6,99.80000000000001,408.4,366.4,249.4
1712943300000,254,70.2,210.2,130.2,49.2
1712943330000,276.6,278.8,274.8,264,77.4
1712943360000,179.4,99.2,138,170,8
1712943390000,187,177.20000000000002,177.2,175,5.4
1712943420000,194.2,175.2,107.8,184.4,4.2
1712943450000,163.4,4.8,81,95.8,5
1712943480000,190.79999999999998,8.2,89.8,92.2,4
1712943510000,192.2,4,105,81.6,4.8
1712943540000,162,4,86,85.8,4.2
1712943570000,192.4,4,88.2,106,4.6
1712943600000,163.8,4.2,83,89.4,4
1712943630000,184,4,81.8,92,4.8
1712943660000,180.4,9.6,83.6,91.4,3.8
1712943690000,186.2,5.6,85.8,100.2,5.4
1712943720000,175.6,4.2,91.4,98.2,4.2
1712943750000,183,4,106,88.4,4.8
1712943780000,159,4,88.8,85,4.2
1712943810000,187.6,4,78,110.2,4.8
1712943840000,177.4,3.8,83.2,94.4,4.2
1712943870000,205,5,91.8,98,4.8
1712943900000,196.4,4,94,90,4.4
1712943930000,201.20000000000002,3.8,93.8,76.8,5
1712943960000,172.2,3.8,87,88.4,4
1712943990000,156.6,4,95.6,92.2,5.2
1712944020000,149,3.8,87.6,103.6,4.4
1712944050000,178.8,4,93.2,93,5
1712944080000,181,4,83.8,94,4
1712944110000,191,3.8,84.4,73.8,5
1712944140000,187.4,3.8,84.6,82,4
1712944170000,183.20000000000002,5.4,100,77.2,4.8
1712944200000,170.2,4.2,95.6,89.2,4
1712944230000,167.4,3.8,91.2,89.4,4.8
1712944260000,171.4,3.8,100.8,87,3.8
1712944290000,184.79999999999998,4.2,80.4,94,5.4
1712944320000,191.4,3.5999999999999996,113,79.2,4.4
1712944350000,219.8,197.79999999999998,187.4,192,5.2
1712944380000,210.4,190.60000000000002,208,177.8,4.4
1712944410000,523.4,748.1999999999999,561.2,540,117.2
1712944440000,542.6,729.1999999999999,597.6,413.4,119
1712944470000,229.39999999999998,226,206.4,220.4,6.4
1712944500000,218.20000000000002,231,199.2,200.6,4.4
1712944530000,237.6,962.8,480.4,486,5.4
1712944560000,211.4,972,462.8,463.6,4.8
1712944590000,222,871.4,426,456.8,5.4
1712944620000,249,855,431.6,437,4.8
1712944650000,457.6,772,548.4,480.8,60.4
1712944680000,394.59999999999997,758.4,465,471.8,23.6
1712944710000,676.4,2066.6,1254.4,1284.4,5.6
1712944740000,551.4,937,1157.4,103.15873650539784,4.6
1712944770000,208,242.8,198.6,211.4,4.6
1712944800000,211.20000000000002,247.39999999999998,198.4,165.6,4
1712944830000,190.79999999999998,1009.4,473.6,495.6,5
1712944860000,236.8,1009.8000000000001,442.8,479.2,4.2
1712944890000,225,1329.3999999999999,572.6,593.2,5
1712944920000,235.79999999999998,1325.8000000000002,621.8,454.6,4.2
1712944950000,301,420.79999999999995,188.6,298,5
1712944980000,270.2,89.8,166.2,156.6,4.8
1712945010000,288.8,80.8,162.2,147.4,4.8
1712945040000,267.40000000000003,93.2,159.8,169.6,4.4
1712945070000,250.6,135.6,183.2,158.8,5
1712945100000,217.8,244,182.8,182.6,4.2
1712945130000,261.2,160.4,358.6,142.2,5.2
1712945160000,272,876.2,446.2,442.2,4.2
1712945190000,243.8,729.6,587.8,411,4.8
1712945220000,330.40000000000003,3428,1702.2,1746.4,4.4
1712945250000,289.6,3382,705.4,1746,4.8
1712945280000,207,568.2,322.8,284.6,4
1712945310000,194,568.2,294.2,278.4,5.2
1712945340000,197.2,315.20000000000005,244.4,252.4,4.2
1712945370000,222.2,319.6,251,248,5
1712945400000,297.6,889.6,426,408.2,4.6
1712945430000,281.2,886.8000000000001,425.2,413.2,5.2
1712945460000,286.2,206.8,202.2,176.2,4.2
1712945490000,246.6,205,198.4,172,4.8
1712945520000,262.6,203,218,185.6,4
1712945550000,249.8,204.6,193.4,184,5
1712945580000,513.4,765.6,427.4,405,4.2
1712945610000,537.8000000000001,765.4,413.2,416.8,5.2
1712945640000,219.79999999999998,361.4,235,228.4,4.2
1712945670000,219.79999999999998,365.20000000000005,232.4,217.8,5
1712945700000,210.6,418,269.6,237.6,4.2
1712945730000,214.79999999999998,421.2,266.8,257.2,5.2
1712945760000,211.4,836,405.2,412.6,115
1712945790000,221,830.4000000000001,369.4,403,114.8
1712945820000,236.8,214.4,173,163.6,3.6
1712945850000,205,216.4,168.6,155.8,4.6
1712945880000,281.8,812,514.4,502.4,4.2
1712945910000,266.79999999999995,808,494.2,511,4.8
1712945940000,247.2,207.2,206,226.4,3.6
1712945970000,255.2,207.8,189.6,210.1159536185526,5.2
1712946000000,429.6,334.6,302.2,302.8,141.4
1712946030000,440.6,356.40000000000003,302.2,302.4,141.8
1712946060000,273.20000000000005,142.4,214,167.2,5.6
1712946090000,238,210.79999999999998,210.4,202.2,20.4
1712946120000,299.4,150.6,256.2,183.2,61.2
1712946150000,326.59999999999997,295.40000000000003,278.6,293.8,116.4
1712946180000,284.4,208.6,222.4,233.2,56.8
1712946210000,286.6,403.4,254.2,245,79
1712946240000,270.2,400.8,227.2,245.6,56.6
1712946270000,234,217.39999999999998,553.8,537.6,668
1712946300000,247.20000000000002,213.39999999999998,426,534.2,580.4
1712946330000,245.4,219.2,522.6,544.8,666
1712946360000,258,207.20000000000002,520.6,512,674.2
1712946390000,366.59999999999997,217.2,396.8,299.8,143.8
1712946420000,311.59999999999997,208,329.6,384.6,144.4
1712946450000,348,215.8,257.8,266.2,172.8
1712946480000,327.8,210.6,257.2,261.4,170
1712946510000,249.4,89.8,618.4,710.4,814
1712946540000,249.2,77.2,648.8,624.6,815
1712946570000,346.79999999999995,214.4,441,427.2,377.6
1712946600000,296.8,211.4,438,408.6,385.6
1712946630000,375.6,219.20000000000002,333.4,328.6,111.6
1712946660000,348.59999999999997,219.8,318.4,310,113.4
1712946690000,358.4,220.6,304.8,290.6,124.8
1712946720000,348.6,213,275.6,277.4,122.6
1712946750000,267.40000000000003,226.20000000000002,198.6,198.6,5.2
1712946780000,225.4,228,209.6,200.2,4.4
1712946810000,246.6,431.8,252.8,273.4,5.8
1712946840000,272,436.4,244.4,267.6,4.2
1712946870000,186.6,6.6,97.6,9185,2331.2
1712946900000,177.6,27.400000000000002,144.2,104.6,29
1712946930000,188.2,30.2,168.8,160.6,64.6
1712946960000,206,32.2,146.2,140,54.2
1712946990000,192.6,35.2,153.2,116.4,40
1712947020000,159.20000000000002,43,152.6,166,57.6
1712947050000,173.6,36.8,139.2,147.4,27
1712947080000,212.79999999999998,100.2,119.6,153.2,5.4
1712947110000,191.8,72,102.8,149.2,5.4
1712947140000,234.6,71,116,142.8,4.4
1712947170000,238,67.2,116,118.6,5.2
1712947200000,342.8,132.8,193.2,188.8,4.4
1712947230000,363.59999999999997,135.6,202.2,190.8,5.2
1712947260000,296.40000000000003,145.4,192.6,187.2,4
1712947290000,288.40000000000003,142.4,163.4,170.6,6
1712947320000,310.8,133.4,175.6,196.6,35.8
1712947350000,312.2,124.4,179.6,181.4,37.6
1712947380000,338.20000000000005,101.80000000000001,320.4,310.6,379.2
1712947410000,377,112,333.8,316.2,389.2
1712947440000,186.2,61.6,173.6,149,64.23854312587552
1712947470000,213.20000000000002,61,167.2,159,74.2
1712947500000,364.20000000000005,101.8,198.6,182,28.2
1712947530000,349.4,117.8,184.4,196.4,30.4
1712947560000,211,28,130.2,126.6,39.8
1712947590000,257.40000000000003,44.400000000000006,188.4,185.2,58
1712947620000,245.6,33.4,191.8,134.4,41.8
1712947650000,236.2,81.80000000000001,214,178.6,79
1712947680000,228,84.19999999999999,144,175.2,51.6
1712947710000,215.6,63.2,205.6,190.2,61.8
1712947740000,215.2,56.6,201.2,172.8,55.6
1712947770000,288.79999999999995,50.6,141.8,145.4,17.2
1712947800000,291,51,150.6,158.8,15.8
1712947830000,208.01603206412827,161.8,141.2,155.8,6.8
1712947860000,240.4,143.2,152.2,140.6,4.8
1712947890000,269.59999999999997,99.6,136.8,137.2,5.8
1712947920000,212.8,94.2,129.4,131.4,4.6
1712947950000,259.40000000000003,100.8,149.6,159.6,6.8
1712947980000,216,96.19999999999999,139.8,161.8,4.8
1712948010000,199,246,193.4,272.4,11.6
1712948040000,200.4,375.8,180,252.4,10.6
1712948070000,239.6,95.4,268.8,207.8,106
1712948100000,219.4,147.8,255.4,169.4,112.6
1712948130000,299.8,54.4,160.4,138,16
1712948160000,416.79999999999995,120.19999999999999,211.6,192,22.4
1712948190000,260,36.2,159.4,124,6.2
1712948220000,321.59999999999997,144,174.8,187.6,4
1712948250000,276.8,136.6,126,189.8,5.4
1712948280000,359.59999999999997,147.79999999999998,195,176,3.8
1712948310000,349.59999999999997,146.4,195.4,180.8,5.4
1712948340000,206.2,133,146,166.8,12.2
1712948370000,219.4,137.4,191.2,155.2,13
1712948400000,172,188.4,160.6,141.8,12.6
1712948430000,233,198,152.6,139.8,14.6
1712948460000,379.40000000000003,57.6,278,247.8,158.2
1712948490000,267,61.4,243.6,218.6,115.6
1712948520000,208.8,141.4,181.4,178.6,41.6
1712948550000,226.4,138.20000000000002,191.6,170.2,44.6
1712948580000,171.39999999999998,94.19999999999999,137.8,135.6,5
1712948610000,208.8,95,147,142,5.4
1712948640000,181.4,4,85.4,92.4,3.8
1712948670000,166.6,4,87.2,81.8,5.2
1712948700000,174.79999999999998,4,88.2,81.8,4
1712948730000,148.2,5,90.6,83.2,4.8
1712948760000,168.4,13,102.4,95,4
1712948790000,189.8,4,88.2,101.4,5.2
1712948820000,167.2,4.4,80.2,96,3.8
1712948850000,178.6,4,82.6,92.8,5.6
1712948880000,201.2,3.8,99.8,84.4,4.8
1712948910000,157.79999999999998,4,87.4,79.4,5.2
1712948940000,151,7.6000000000000005,91.4,97.2,4
1712948970000,165.8,4,92.2,101.4,5.2
1712949000000,157.6,4,86.2,95.8,4.2
1712949030000,206,4,89.8,77.4,5.2
1712949060000,167.8,4.2,84.2,121.4,4.2
1712949090000,166.2,4.4,107.4,84,5.4
1712949120000,201,4,87.6,115.2,4
1712949150000,163.8,3.8,111,81.6,5.8
1712949180000,178.79999999999998,4,113.4,116.2,4.4
1712949210000,227,4,82.6,84,5.6
1712949240000,143.20000000000002,3.8,108.4,110.6,3.8
1712949270000,236,3.8,92.2,82.4,5.4
1712949300000,222.8,3.8,81.8,105.2,4
1712949330000,202.2,3.8,111.2,108.8,5.4
1712949360000,202.8,3.8,87.4,76.6,4
1712949390000,237.2,4,79.2,73.4,5.4
1712949420000,164.4,3.8,111.2,70.8,4.4
1712949450000,236.4,4.6,83,79.6,5.4
1712949480000,194,4,125.4,82.4,4.2
1712949510000,243.79999999999998,4.2,81,84.8,5.2
1712949540000,177.4,4,114.4,111.6,4.2
1712949570000,253.8,10.4,92,83.6,5.2
1712949600000,191,4,83,128,4
1712949630000,197.79999999999998,3.8,121.4,77.2,6
1712949660000,261.4,5.2,86.2,80.6,4
1712949690000,192.20000000000002,4,122.2,126.6,5.6
1712949720000,206.4,4.2,84.2,113.4,4.2
1712949750000,168.4,4,118.4,87.4,5.6
1712949780000,154.6,4,117.4,84.6,4.2
1712949810000,213.2,5.2,83.8,84.6,5.8
1712949840000,188.79999999999998,4.4,128.4,122.4,4
1712949870000,195,4.2,84.6,82.2,5.6
1712949900000,253.4,4,86,90,4.4
1712949930000,202.4,4.2,116.8,116.2,5.8
1712949960000,175.4,4,87.6,90.4,4
1712949990000,233.6,4,85.6,112.2,5.4
1712950020000,186.6,4,125.2,119.2,4.6
1712950050000,242.2,3.5999999999999996,94.8,83.2,5.8
1712950080000,218,3.8,103.8,94.6,4.2
1712950110000,162.4,4,121.4,91.8,5.8
1712950140000,152.4,3.8,129.4,113.4,4.2
1712950170000,258.6,4,98.8,84.4,5.6
1712950200000,187.4,10.799999999999999,82.8,128.6,4.2
1712950230000,186.4,3.8,127.8,85,5.6
1712950260000,300.4,5.2,108.4,84,4
1712950290000,242.2,4.2,82.8,119,6
1712950320000,183.6,4,114.8,89.6,4.2
1712950350000,270.8,3.5999999999999996,78.8,79.4,5.6
1712950380000,208.6,3.8,89.4,115.4,4
1712950410000,180.4,4,108,89,5.4
1712950440000,246.8,3.5999999999999996,80.4,81.2,4
1712950470000,188.4,4.2,79,114.8,5.4
1712950500000,184.6,4.2,124.6,80.6,4.4
1712950530000,238.79999999999998,3.5999999999999996,93.6,82.2,5.8
1712950560000,239.4,4,82.8,79.4,4.4
1712950590000,200.6,3.8,118.4,107.4,5.4
1712950620000,175.6,4,124.4,90.2,4.2
1712950650000,264.8,4,97.6,90.8,6
1712950680000,216.4,4,134.2,125.2,4
1712950710000,231.4,3.8,93.2,114,5.6
1712950740000,220,10.4,78.2,117,4
1712950770000,201.4,4.2,119,79.6,5.6
1712950800000,250.8,5,78,83.2,4.2
1712950830000,152.2,4,106.8,100.8,5.6
1712950860000,147,4,110.4,114.8,4
1712950890000,243.6,3.5999999999999996,87,84.6,5.8
1712950920000,164.2,4,127,112.6,4.4
1712950950000,208.6,4.2,94.2,79.8,5.8
1712950980000,263,4.2,82.6,121.6,4
1712951010000,164.79999999999998,4.2,111,92.6,5.8
1712951040000,190,3.8,87.4,87.2,4
1712951070000,246.2,4,83.2,82.2,5.6
1712951100000,188.4,3.8,119.8,96.6,4
1712951130000,204.20000000000002,3.8,112.2,100.2,5.4
1712951160000,191,4.2,119.8,115.6,4
1712951190000,240.4,4,87.2,104.8,5.4
1712951220000,163,4,116.6,88.6,4
1712951250000,264.20000000000005,3.8,86.2,90,5.6
1712951280000,158.4,3.5999999999999996,118.6,123,4.4
1712951310000,195.6,4,79.2,82.2,5.8
1712951340000,249,4,75.6,109.6,4.4
1712951370000,181.6,3.8,125.6,88.2,5.6
1712951400000,162.6,4.2,98.2,106.8,4
1712951430000,208.6,4.2,77.8,92.4,5.6
1712951460000,167.2,4,76.2,112.6,4.2
1712951490000,214.4,3.8,85.2,85.8,5.6
1712951520000,155.79999999999998,3.8,109.6,82,4.2
1712951550000,232.4,4.2,81.2,86.8,5.6
1712951580000,181.6,4,83,109.4,4
1712951610000,155,3.8,124.6,84.4,5.4
1712951640000,179.4,4,116.4,107,4
1712951670000,164.79999999999998,4,114,81.6,5.2
1712951700000,248.79999999999998,4,82.4,111,4.2
1712951730000,166,3.5999999999999996,117.6,82.4,5.6
1712951760000,250.4,4,97.4,90,4.4
1712951790000,194.79999999999998,4,83,131.6,5.8
1712951820000,206.6,4,129.2,86.6,4.4
1712951850000,241.4,3.8,104,131,6
1712951880000,205.2,4,84.4,97.4,4.2
1712951910000,199.8,3.8,117,127,5.6
1712951940000,194,3.8,111.2,87.6,4
1712951970000,238.79999999999998,4,88.2,105.2,5.4
1712952000000,177.20000000000002,4,137,126.4,4.2
1712952030000,201,4,96.2,89.6,5.4
1712952060000,205.79999999999998,4.2,77.2,130.6,4.2
1712952090000,211.4,4,115.6,98,6
1712952120000,259,4,81.6,97.6,4.2
1712952150000,164.8,4.2,111.6,119.8,5.8
1712952180000,252.79999999999998,4,85.6,85,4
1712952210000,247.39999999999998,4.6,78.8,119.8,5.4
1712952240000,168,4,113.4,89,4.2
1712952270000,186.4,4.4,83.8,90,5.8
1712952300000,256.40000000000003,3.8,83.2,89,4.2
1712952330000,190.4,3.8,119.4,124.4,5.4
1712952360000,172.20000000000002,4.2,122.4,93.8,4
1712952390000,242.79999999999998,4,96.6,84.2,5.4
1712952420000,196.4,4,124.8,130,4.2
1712952450000,192.2,3.8,118.6,94.4,5.6
1712952480000,250.79999999999998,10,84.8,114.6,4
1712952510000,170,5,114.4,121.6,5.6
1712952540000,172.6,4,127.2,126.6,4
1712952570000,202,3.8,84.6,118.6,5.6
1712952600000,214.2,4,83,106.4,4
1712952630000,186,4,117.6,99.8,5.4
1712952660000,280.20000000000005,3.8,110.4,84,3.8
1712952690000,250.4,4.2,84.6,85,5.4
1712952720000,189.20000000000002,4.2,118.6,118,4.2
1712952750000,234.79999999999998,4,81.8,83.8,5.6
1712952780000,203.6,4.2,98.2,85.8,3.8
1712952810000,154.79999999999998,3.8,112,102.8,5.6
1712952840000,154.6,10.200000000000001,109.6,130.8,4
1712952870000,210.2,4.2,115.6,110.2,5.4
1712952900000,170.6,4,114.4,101,4.6
1712952930000,228,3.8,100.8,107,5.2
1712952960000,252,4.2,97.2,81.2,4.4
1712952990000,163.6,4,110,75.6,5.6
1712953020000,222.4,4,85.8,82.6,4.2
1712953050000,197.20000000000002,4,114.2,102.4,5.6
1712953080000,165.79999999999998,3.5999999999999996,116.4,77,4.2
1712953110000,168.6,4.2,105,117.8,5.6
1712953140000,166.8,4,116.2,91,4.2
1712953170000,152.4,4,113.6,107.8,5.4
1712953200000,196,4,107.4,124.4,4.2
1712953230000,186,4,85.6,84.4,5.2
1712953260000,242.4,3.8,82.8,116.6,4
1712953290000,173.2,3.8,119.4,114.8,5.4
1712953320000,224,4,91,88.6,4.2
1712953350000,247.6,4,99.6,129.8,5.6
1712953380000,167.4,4,122.4,86.4,4.2
1712953410000,199.8,4,108.6,100.6,5.4
1712953440000,197,4,98.2,106.4,4.2
1712953470000,218.4,3.8,89.8,101.2,5.6
1712953500000,198.2,4,103.6,107.4,4.2
1712953530000,172,3.8,101.6,93.4,5.8
1712953560000,189.6,3.8,95.2,92.2,4.2