timestamp,toolbox
1727780400,2000000000
1727780430,2000000000
1727780460,2000000000
1727780490,2000000000
1727780520,2000000000
1727780550,2000000000
1727780580,2000000000
1727780610,2000000000
1727780640,2000000000
1727780670,2000000000
1727780700,2000000000
1727780730,2000000000
1727780760,2000000000
1727780790,2000000000
1727780820,2000000000
1727780850,2000000000
1727780880,2000000000
1727780910,2000000000
1727780940,2000000000
1727780970,2000000000
1727781000,2000000000
1727781030,2000000000
1727781060,2000000000
1727781090,2000000000
1727781120,2000000000
1727781150,2000000000
1727781180,2000000000
1727781210,2000000000
1727781240,2000000000
1727781270,2000000000
1727781300,2000000000
1727781330,2000000000
1727781360,2000000000
1727781390,2000000000
1727781420,2000000000
1727781450,2000000000
1727781480,2000000000
1727781510,2000000000
1727781540,2000000000
1727781570,2000000000
1727781600,2000000000
1727781630,2000000000
1727781660,2000000000
1727781690,2000000000
1727781720,2000000000
1727781750,2000000000
1727781780,2000000000
1727781810,2000000000
1727781840,2000000000
1727781870,2000000000
1727781900,2000000000
1727781930,2000000000
1727781960,2000000000
1727781990,2000000000
1727782020,2000000000
1727782050,2000000000
1727782080,2000000000
1727782110,2000000000
1727782140,2000000000
1727782170,2000000000
1727782200,2000000000
1727782230,2000000000
1727782260,2000000000
1727782290,2000000000
1727782320,2000000000
1727782350,2000000000
1727782380,2000000000
1727782410,2000000000
1727782440,2000000000
1727782470,2000000000
1727782500,2000000000
1727782530,2000000000
1727782560,2000000000
1727782590,2000000000
1727782620,2000000000
1727782650,2000000000
1727782680,2000000000
1727782710,2000000000
1727782740,2000000000
1727782770,2000000000
1727782800,2000000000
1727782830,2000000000
1727782860,2000000000
1727782890,2000000000
1727782920,2000000000
1727782950,2000000000
1727782980,2000000000
1727783010,2000000000
1727783040,2000000000
1727783070,2000000000
1727783100,2000000000
1727783130,2000000000
1727783160,2000000000
1727783190,2000000000
1727783220,2000000000
1727783250,2000000000
1727783280,2000000000
1727783310,2000000000
1727783340,2000000000
1727783370,2000000000
1727783400,2000000000
1727783430,2000000000
1727783460,2000000000
1727783490,2000000000
1727783520,2000000000
1727783550,2000000000
1727783580,2000000000
1727783610,2000000000
1727783640,2000000000
1727783670,2000000000
1727783700,2000000000
1727783730,2000000000
1727783760,2000000000
1727783790,2000000000
1727783820,2000000000
1727783850,2000000000
1727783880,2000000000
1727783910,2000000000
1727783940,2000000000
1727783970,2000000000
1727784000,2000000000
1727784030,2000000000
1727784060,2000000000
1727784090,2000000000
1727784120,2000000000
1727784150,2000000000
1727784180,2000000000
1727784210,2000000000
1727784240,2000000000
1727784270,2000000000
1727784300,2000000000
1727784330,2000000000
1727784360,2000000000
1727784390,2000000000
1727784420,2000000000
1727784450,2000000000
1727784480,2000000000
1727784510,2000000000
1727784540,2000000000
1727784570,2000000000
1727784600,2000000000
1727784630,2000000000
1727784660,2000000000
1727784690,2000000000
1727784720,2000000000
1727784750,2000000000
1727784780,2000000000
1727784810,2000000000
1727784840,2000000000
1727784870,2000000000
1727784900,2000000000
1727784930,2000000000
1727784960,2000000000
1727784990,2000000000
1727785020,2000000000
1727785050,2000000000
1727785080,2000000000
1727785110,2000000000
1727785140,2000000000
1727785170,2000000000
1727785200,2000000000
1727785230,2000000000
1727785260,2000000000
1727785290,2000000000
1727785320,2000000000
1727785350,2000000000
1727785380,2000000000
1727785410,2000000000
1727785440,2000000000
1727785470,2000000000
1727785500,2000000000
1727785530,2000000000
1727785560,2000000000
1727785590,2000000000
1727785620,2000000000
1727785650,2000000000
1727785680,2000000000
1727785710,2000000000
1727785740,2000000000
1727785770,2000000000
1727785800,2000000000
1727785830,2000000000
1727785860,2000000000
1727785890,2000000000
1727785920,2000000000
1727785950,2000000000
1727785980,2000000000
1727786010,2000000000
1727786040,2000000000
1727786070,2000000000
1727786100,2000000000
1727786130,2000000000
1727786160,2000000000
1727786190,2000000000
1727786220,2000000000
1727786250,2000000000
1727786280,2000000000
1727786310,2000000000
1727786340,2000000000
1727786370,2000000000
1727786400,2000000000
1727786430,2000000000
1727786460,2000000000
1727786490,2000000000
1727786520,2000000000
1727786550,2000000000
1727786580,2000000000
1727786610,2000000000
1727786640,2000000000
1727786670,2000000000
1727786700,2000000000
1727786730,2000000000
1727786760,2000000000
1727786790,2000000000
1727786820,2000000000
1727786850,2000000000
1727786880,2000000000
1727786910,2000000000
1727786940,2000000000
1727786970,2000000000
1727787000,2000000000
1727787030,2000000000
1727787060,2000000000
1727787090,2000000000
1727787120,2000000000
1727787150,2000000000
1727787180,2000000000
1727787210,2000000000
1727787240,2000000000
1727787270,2000000000
1727787300,2000000000
1727787330,2000000000
1727787360,2000000000
1727787390,2000000000
1727787420,2000000000
1727787450,2000000000
1727787480,2000000000
1727787510,2000000000
1727787540,2000000000
1727787570,2000000000
1727787600,2000000000
1727787630,2000000000
1727787660,2000000000
1727787690,2000000000
1727787720,2000000000
1727787750,2000000000
1727787780,2000000000
1727787810,2000000000
1727787840,2000000000
1727787870,2000000000
1727787900,2000000000
1727787930,2000000000
1727787960,2000000000
1727787990,2000000000
1727788020,2000000000
1727788050,2000000000
1727788080,2000000000
1727788110,2000000000
1727788140,2000000000
1727788170,2000000000
1727788200,2000000000
1727788230,2000000000
1727788260,2000000000
1727788290,2000000000
1727788320,2000000000
1727788350,2000000000
1727788380,2000000000
1727788410,2000000000
1727788440,2000000000
1727788470,2000000000
1727788500,2000000000
1727788530,2000000000
1727788560,2000000000
1727788590,2000000000
1727788620,2000000000
1727788650,2000000000
1727788680,2000000000
1727788710,2000000000
1727788740,2000000000
1727788770,2000000000
1727788800,2000000000
1727788830,2000000000
1727788860,2000000000
1727788890,2000000000
1727788920,2000000000
1727788950,2000000000
1727788980,2000000000
1727789010,2000000000
1727789040,2000000000
1727789070,2000000000
1727789100,2000000000
1727789130,2000000000
1727789160,2000000000
1727789190,2000000000
1727789220,2000000000
1727789250,2000000000
1727789280,2000000000
1727789310,2000000000
1727789340,2000000000
1727789370,2000000000
1727789400,2000000000
1727789430,2000000000
1727789460,2000000000
1727789490,2000000000
1727789520,2000000000
1727789550,2000000000
1727789580,2000000000
1727789610,2000000000
1727789640,2000000000
1727789670,2000000000
1727789700,2000000000
1727789730,2000000000
1727789760,2000000000
1727789790,2000000000
1727789820,2000000000
1727789850,2000000000
1727789880,2000000000
1727789910,2000000000
1727789940,2000000000
1727789970,2000000000
1727790000,2000000000
1727790030,2000000000
1727790060,2000000000
1727790090,2000000000
1727790120,2000000000
1727790150,2000000000
1727790180,2000000000
1727790210,2000000000
1727790240,2000000000
1727790270,2000000000
1727790300,2000000000
1727790330,2000000000
1727790360,2000000000
1727790390,2000000000
1727790420,2000000000
1727790450,2000000000
1727790480,2000000000
1727790510,2000000000
1727790540,2000000000
1727790570,2000000000
1727790600,2000000000
1727790630,2000000000
1727790660,2000000000
1727790690,2000000000
1727790720,2000000000
1727790750,2000000000
1727790780,2000000000
1727790810,2000000000
1727790840,2000000000
1727790870,2000000000
1727790900,2000000000
1727790930,2000000000
1727790960,2000000000
1727790990,2000000000
1727791020,2000000000
1727791050,2000000000
1727791080,2000000000
1727791110,2000000000
1727791140,2000000000
1727791170,2000000000
1727791200,2000000000
1727791230,2000000000
1727791260,2000000000
1727791290,2000000000
1727791320,2000000000
1727791350,2000000000
1727791380,2000000000
1727791410,2000000000
1727791440,2000000000
1727791470,2000000000
1727791500,2000000000
1727791530,2000000000
1727791560,2000000000
1727791590,2000000000
1727791620,2000000000
1727791650,2000000000
1727791680,2000000000
1727791710,2000000000
1727791740,2000000000
1727791770,2000000000
1727791800,2000000000
1727791830,2000000000
1727791860,2000000000
1727791890,2000000000
1727791920,2000000000
1727791950,2000000000
1727791980,2000000000
1727792010,2000000000
1727792040,2000000000
1727792070,2000000000
1727792100,2000000000
1727792130,2000000000
1727792160,2000000000
1727792190,2000000000
1727792220,2000000000
1727792250,2000000000
1727792280,2000000000
1727792310,2000000000
1727792340,2000000000
1727792370,2000000000
1727792400,2000000000
1727792430,2000000000
1727792460,2000000000
1727792490,2000000000
1727792520,2000000000
1727792550,2000000000
1727792580,2000000000
1727792610,2000000000
1727792640,2000000000
1727792670,2000000000
1727792700,2000000000
1727792730,2000000000
1727792760,2000000000
1727792790,2000000000
1727792820,2000000000
1727792850,2000000000
1727792880,2000000000
1727792910,2000000000
1727792940,2000000000
1727792970,2000000000
1727793000,2000000000
1727793030,2000000000
1727793060,2000000000
1727793090,2000000000
1727793120,2000000000
1727793150,2000000000
1727793180,2000000000
1727793210,2000000000
1727793240,2000000000
1727793270,2000000000
1727793300,2000000000
1727793330,2000000000
1727793360,2000000000
1727793390,2000000000
1727793420,2000000000
1727793450,2000000000
1727793480,2000000000
1727793510,2000000000
1727793540,2000000000
1727793570,2000000000
1727793600,2000000000
1727793630,2000000000
1727793660,2000000000
1727793690,2000000000
1727793720,2000000000
1727793750,2000000000
1727793780,2000000000
1727793810,2000000000
1727793840,2000000000
1727793870,2000000000
1727793900,2000000000
1727793930,2000000000
1727793960,2000000000
1727793990,2000000000
1727794020,2000000000
1727794050,2000000000
1727794080,2000000000
1727794110,2000000000
1727794140,2000000000
1727794170,2000000000
1727794200,2000000000
1727794230,2000000000
1727794260,2000000000
1727794290,2000000000
1727794320,2000000000
1727794350,2000000000
1727794380,2000000000
1727794410,2000000000
1727794440,2000000000
1727794470,2000000000
1727794500,2000000000
1727794530,2000000000
1727794560,2000000000
1727794590,2000000000
1727794620,2000000000
1727794650,2000000000
1727794680,2000000000
1727794710,2000000000
1727794740,2000000000
1727794770,2000000000
1727794800,2000000000
1727794830,2000000000
1727794860,2000000000
1727794890,2000000000
1727794920,2000000000
1727794950,2000000000
1727794980,2000000000
1727795010,2000000000
1727795040,2000000000
1727795070,2000000000
1727795100,2000000000
1727795130,2000000000
1727795160,2000000000
1727795190,2000000000
1727795220,2000000000
1727795250,2000000000
1727795280,2000000000
1727795310,2000000000
1727795340,2000000000
1727795370,2000000000
1727795400,2000000000
1727795430,2000000000
1727795460,2000000000
1727795490,2000000000
1727795520,2000000000
1727795550,2000000000
1727795580,2000000000
1727795610,2000000000
1727795640,2000000000
1727795670,2000000000
1727795700,2000000000
1727795730,2000000000
1727795760,2000000000
1727795790,2000000000
1727795820,2000000000
1727795850,2000000000
1727795880,2000000000
1727795910,2000000000
1727795940,2000000000
1727795970,2000000000
1727796000,2000000000
1727796030,2000000000
1727796060,2000000000
1727796090,2000000000
1727796120,2000000000
1727796150,2000000000
1727796180,2000000000
1727796210,2000000000
1727796240,2000000000
1727796270,2000000000
1727796300,2000000000
1727796330,2000000000
1727796360,2000000000
1727796390,2000000000
1727796420,2000000000
1727796450,2000000000
1727796480,2000000000
1727796510,2000000000
1727796540,2000000000
1727796570,2000000000
1727796600,2000000000
1727796630,2000000000
1727796660,2000000000
1727796690,2000000000
1727796720,2000000000
1727796750,2000000000
1727796780,2000000000
1727796810,2000000000
1727796840,2000000000
1727796870,2000000000
1727796900,2000000000
1727796930,2000000000
1727796960,2000000000
1727796990,2000000000
1727797020,2000000000
1727797050,2000000000
1727797080,2000000000
1727797110,2000000000
1727797140,2000000000
1727797170,2000000000
1727797200,2000000000
1727797230,2000000000
1727797260,2000000000
1727797290,2000000000
1727797320,2000000000
1727797350,2000000000
1727797380,2000000000
1727797410,2000000000
1727797440,2000000000
1727797470,2000000000
1727797500,2000000000
1727797530,2000000000
1727797560,2000000000
1727797590,2000000000
1727797620,2000000000
1727797650,2000000000
1727797680,2000000000
1727797710,2000000000
1727797740,2000000000
1727797770,2000000000
1727797800,2000000000
1727797830,2000000000
1727797860,2000000000
1727797890,2000000000
1727797920,2000000000
1727797950,2000000000
1727797980,2000000000
1727798010,2000000000
1727798040,2000000000
1727798070,2000000000
1727798100,2000000000
1727798130,2000000000
1727798160,2000000000
1727798190,2000000000
1727798220,2000000000
1727798250,2000000000
1727798280,2000000000
1727798310,2000000000
1727798340,2000000000
1727798370,2000000000
1727798400,2000000000
1727798430,2000000000
1727798460,2000000000
1727798490,2000000000
1727798520,2000000000
1727798550,2000000000
1727798580,2000000000
1727798610,2000000000
1727798640,2000000000
1727798670,2000000000
1727798700,2000000000
1727798730,2000000000
1727798760,2000000000
1727798790,2000000000
1727798820,2000000000
1727798850,2000000000
1727798880,2000000000
1727798910,2000000000
1727798940,2000000000
1727798970,2000000000
1727799000,2000000000
1727799030,2000000000
1727799060,2000000000
1727799090,2000000000
1727799120,2000000000
1727799150,2000000000
1727799180,2000000000
1727799210,2000000000
1727799240,2000000000
1727799270,2000000000
1727799300,2000000000
1727799330,2000000000
1727799360,2000000000
1727799390,2000000000
1727799420,2000000000
1727799450,2000000000
1727799480,2000000000
1727799510,2000000000
1727799540,2000000000
1727799570,2000000000
1727799600,2000000000
1727799630,2000000000
1727799660,2000000000
1727799690,2000000000
1727799720,2000000000
1727799750,2000000000
1727799780,2000000000
1727799810,2000000000
1727799840,2000000000
1727799870,2000000000
1727799900,2000000000
1727799930,2000000000
1727799960,2000000000
1727799990,2000000000
1727800020,2000000000
1727800050,2000000000
1727800080,2000000000
1727800110,2000000000
1727800140,2000000000
1727800170,2000000000
1727800200,2000000000
1727800230,2000000000
1727800260,2000000000
1727800290,2000000000
1727800320,2000000000
1727800350,2000000000
1727800380,2000000000
1727800410,2000000000
1727800440,2000000000
1727800470,2000000000
1727800500,2000000000
1727800530,2000000000
1727800560,2000000000
1727800590,2000000000
1727800620,2000000000
1727800650,2000000000
1727800680,2000000000
1727800710,2000000000
1727800740,2000000000
1727800770,2000000000
1727800800,2000000000
1727800830,2000000000
1727800860,2000000000
1727800890,2000000000
1727800920,2000000000
1727800950,2000000000
1727800980,2000000000
1727801010,2000000000
1727801040,2000000000
1727801070,2000000000
1727801100,2000000000
1727801130,2000000000
1727801160,2000000000
1727801190,2000000000
1727801220,2000000000
1727801250,2000000000
1727801280,2000000000
1727801310,2000000000
1727801340,2000000000
1727801370,2000000000
1727801400,2000000000
1727801430,2000000000
1727801460,2000000000
1727801490,2000000000
1727801520,2000000000
1727801550,2000000000
1727801580,2000000000
1727801610,2000000000
1727801640,2000000000
1727801670,2000000000
1727801700,2000000000
1727801730,2000000000
1727801760,2000000000
1727801790,2000000000
1727801820,2000000000
1727801850,2000000000
1727801880,2000000000
1727801910,2000000000
1727801940,2000000000
1727801970,2000000000
1727802000,2000000000
1727802030,2000000000
1727802060,2000000000
1727802090,2000000000
1727802120,2000000000
1727802150,2000000000
1727802180,2000000000
1727802210,2000000000
1727802240,2000000000
1727802270,2000000000
1727802300,2000000000
1727802330,2000000000
1727802360,2000000000
1727802390,2000000000
1727802420,2000000000
1727802450,2000000000
1727802480,2000000000
1727802510,2000000000
1727802540,2000000000
1727802570,2000000000
1727802600,2000000000
1727802630,2000000000
1727802660,2000000000
1727802690,2000000000
1727802720,2000000000
1727802750,2000000000
1727802780,2000000000
1727802810,2000000000
1727802840,2000000000
1727802870,2000000000
1727802900,2000000000
1727802930,2000000000
1727802960,2000000000
1727802990,2000000000
1727803020,2000000000
1727803050,2000000000
1727803080,2000000000
1727803110,2000000000
1727803140,2000000000
1727803170,2000000000
1727803200,2000000000
1727803230,2000000000
1727803260,2000000000
1727803290,2000000000
1727803320,2000000000
1727803350,2000000000
1727803380,2000000000
1727803410,2000000000
1727803440,2000000000
1727803470,2000000000
1727803500,2000000000
1727803530,2000000000
1727803560,2000000000
1727803590,2000000000
1727803620,2000000000
1727803650,2000000000
1727803680,2000000000
1727803710,2000000000
1727803740,2000000000
1727803770,2000000000
1727803800,2000000000
1727803830,2000000000
1727803860,2000000000
1727803890,2000000000
1727803920,2000000000
1727803950,2000000000
1727803980,2000000000
1727804010,2000000000
1727804040,2000000000
1727804070,2000000000
1727804100,2000000000
1727804130,2000000000
1727804160,2000000000
1727804190,2000000000
1727804220,2000000000
1727804250,2000000000
1727804280,2000000000
1727804310,2000000000
1727804340,2000000000
1727804370,2000000000
1727804400,2000000000
1727804430,2000000000
1727804460,2000000000
1727804490,2000000000
1727804520,2000000000
1727804550,2000000000
1727804580,2000000000
1727804610,2000000000
1727804640,2000000000
1727804670,2000000000
1727804700,2000000000
1727804730,2000000000
1727804760,2000000000
1727804790,2000000000
1727804820,2000000000
1727804850,2000000000
1727804880,2000000000
1727804910,2000000000
1727804940,2000000000
1727804970,2000000000
1727805000,2000000000
1727805030,2000000000
1727805060,2000000000
1727805090,2000000000
1727805120,2000000000
1727805150,2000000000
1727805180,2000000000
1727805210,2000000000
1727805240,2000000000
1727805270,2000000000
1727805300,2000000000
1727805330,2000000000
1727805360,2000000000
1727805390,2000000000
1727805420,2000000000
1727805450,2000000000
1727805480,2000000000
1727805510,2000000000
1727805540,2000000000
1727805570,2000000000
1727805600,2000000000
1727805630,2000000000
1727805660,2000000000
1727805690,2000000000
1727805720,2000000000
1727805750,2000000000
1727805780,2000000000
1727805810,2000000000
1727805840,2000000000
1727805870,2000000000
1727805900,2000000000
1727805930,2000000000
1727805960,2000000000
1727805990,2000000000
1727806020,2000000000
1727806050,2000000000
1727806080,2000000000
1727806110,2000000000
1727806140,2000000000
1727806170,2000000000
1727806200,2000000000
1727806230,2000000000
1727806260,2000000000
1727806290,2000000000
1727806320,2000000000
1727806350,2000000000
1727806380,2000000000
1727806410,2000000000
1727806440,2000000000
1727806470,2000000000
1727806500,2000000000
1727806530,2000000000
1727806560,2000000000
1727806590,2000000000
1727806620,2000000000
1727806650,2000000000
1727806680,2000000000
1727806710,2000000000
1727806740,2000000000
1727806770,2000000000
1727806800,2000000000
1727806830,2000000000
1727806860,2000000000
1727806890,2000000000
1727806920,2000000000
1727806950,2000000000
1727806980,2000000000
1727807010,2000000000
1727807040,2000000000
1727807070,2000000000
1727807100,2000000000
1727807130,2000000000
1727807160,2000000000
1727807190,2000000000
1727807220,2000000000
1727807250,2000000000
1727807280,2000000000
1727807310,2000000000
1727807340,2000000000
1727807370,2000000000
1727807400,2000000000
1727807430,2000000000
1727807460,2000000000
1727807490,2000000000
1727807520,2000000000
1727807550,2000000000
1727807580,2000000000
1727807610,2000000000
1727807640,2000000000
1727807670,2000000000
1727807700,2000000000
1727807730,2000000000
1727807760,2000000000
1727807790,2000000000
1727807820,2000000000
1727807850,2000000000
1727807880,2000000000
1727807910,2000000000
1727807940,2000000000
1727807970,2000000000
1727808000,2000000000
1727808030,2000000000
1727808060,2000000000
1727808090,2000000000
1727808120,2000000000
1727808150,2000000000
1727808180,2000000000
1727808210,2000000000
1727808240,2000000000
1727808270,2000000000
1727808300,2000000000
1727808330,2000000000
1727808360,2000000000
1727808390,2000000000
1727808420,2000000000
1727808450,2000000000
1727808480,2000000000
1727808510,2000000000
1727808540,2000000000
1727808570,2000000000
1727808600,2000000000
1727808630,2000000000
1727808660,2000000000
1727808690,2000000000
1727808720,2000000000
1727808750,2000000000
1727808780,2000000000
1727808810,2000000000
1727808840,2000000000
1727808870,2000000000
1727808900,2000000000
1727808930,2000000000
1727808960,2000000000
1727808990,2000000000
1727809020,2000000000
1727809050,2000000000
1727809080,2000000000
1727809110,2000000000
1727809140,2000000000
1727809170,2000000000
1727809200,2000000000
1727809230,2000000000
1727809260,2000000000
1727809290,2000000000
1727809320,2000000000
1727809350,2000000000
1727809380,2000000000
1727809410,2000000000
1727809440,2000000000
1727809470,2000000000
1727809500,2000000000
1727809530,2000000000
1727809560,2000000000
1727809590,2000000000
1727809620,2000000000
1727809650,2000000000
1727809680,2000000000
1727809710,2000000000
1727809740,2000000000
1727809770,2000000000
1727809800,2000000000
1727809830,2000000000
1727809860,2000000000
1727809890,2000000000
1727809920,2000000000
1727809950,2000000000
1727809980,2000000000
1727810010,2000000000
1727810040,2000000000
1727810070,2000000000
1727810100,2000000000
1727810130,2000000000
1727810160,2000000000
1727810190,2000000000
1727810220,2000000000
1727810250,2000000000
1727810280,2000000000
1727810310,2000000000
1727810340,2000000000
1727810370,2000000000
1727810400,2000000000
1727810430,2000000000
1727810460,2000000000
1727810490,2000000000
1727810520,2000000000
1727810550,2000000000
1727810580,2000000000
1727810610,2000000000
1727810640,2000000000
1727810670,2000000000
1727810700,2000000000
1727810730,2000000000
1727810760,2000000000
1727810790,2000000000
1727810820,2000000000
1727810850,2000000000
1727810880,2000000000
1727810910,2000000000
1727810940,2000000000
1727810970,2000000000
1727811000,2000000000
1727811030,2000000000
1727811060,2000000000
1727811090,2000000000
1727811120,2000000000
1727811150,2000000000
1727811180,2000000000
1727811210,2000000000
1727811240,2000000000
1727811270,2000000000
1727811300,2000000000
1727811330,2000000000
1727811360,2000000000
1727811390,2000000000
1727811420,2000000000
1727811450,2000000000
1727811480,2000000000
1727811510,2000000000
1727811540,2000000000
1727811570,2000000000
1727811600,2000000000
1727811630,2000000000
1727811660,2000000000
1727811690,2000000000
1727811720,2000000000
1727811750,2000000000
1727811780,2000000000
1727811810,2000000000
1727811840,2000000000
1727811870,2000000000
1727811900,2000000000
1727811930,2000000000
1727811960,2000000000
1727811990,2000000000
1727812020,2000000000
1727812050,2000000000
1727812080,2000000000
1727812110,2000000000
1727812140,2000000000
1727812170,2000000000
1727812200,2000000000
1727812230,2000000000
1727812260,2000000000
1727812290,2000000000
1727812320,2000000000
1727812350,2000000000
1727812380,2000000000
1727812410,2000000000
1727812440,2000000000
1727812470,2000000000
1727812500,2000000000
1727812530,2000000000
1727812560,2000000000
1727812590,2000000000
1727812620,2000000000
1727812650,2000000000
1727812680,2000000000
1727812710,2000000000
1727812740,2000000000
1727812770,2000000000
1727812800,2000000000
1727812830,2000000000
1727812860,2000000000
1727812890,2000000000
1727812920,2000000000
1727812950,2000000000
1727812980,2000000000
1727813010,2000000000
1727813040,2000000000
1727813070,2000000000
1727813100,2000000000
1727813130,2000000000
1727813160,2000000000
1727813190,2000000000
1727813220,2000000000
1727813250,2000000000
1727813280,2000000000
1727813310,2000000000
1727813340,2000000000
1727813370,2000000000
1727813400,2000000000
1727813430,2000000000
1727813460,2000000000
1727813490,2000000000
1727813520,2000000000
1727813550,2000000000
1727813580,2000000000
1727813610,2000000000
1727813640,2000000000
1727813670,2000000000
1727813700,2000000000
1727813730,2000000000
1727813760,2000000000
1727813790,2000000000
1727813820,2000000000
1727813850,2000000000
1727813880,2000000000
1727813910,2000000000
1727813940,2000000000
1727813970,2000000000
1727814000,2000000000
1727814030,2000000000
1727814060,2000000000
1727814090,2000000000
1727814120,2000000000
1727814150,2000000000
1727814180,2000000000
1727814210,2000000000
1727814240,2000000000
1727814270,2000000000
1727814300,2000000000
1727814330,2000000000
1727814360,2000000000
1727814390,2000000000
1727814420,2000000000
1727814450,2000000000
1727814480,2000000000
1727814510,2000000000
1727814540,2000000000
1727814570,2000000000
1727814600,2000000000
1727814630,2000000000
1727814660,2000000000
1727814690,2000000000
1727814720,2000000000
1727814750,2000000000
1727814780,2000000000
1727814810,2000000000
1727814840,2000000000
1727814870,2000000000
1727814900,2000000000
1727814930,2000000000
1727814960,2000000000
1727814990,2000000000
1727815020,2000000000
1727815050,2000000000
1727815080,2000000000
1727815110,2000000000
1727815140,2000000000
1727815170,2000000000
1727815200,2000000000
1727815230,2000000000
1727815260,2000000000
1727815290,2000000000
1727815320,2000000000
1727815350,2000000000
1727815380,2000000000
1727815410,2000000000
1727815440,2000000000
1727815470,2000000000
1727815500,2000000000
1727815530,2000000000
1727815560,2000000000
1727815590,2000000000
1727815620,2000000000
1727815650,2000000000
1727815680,2000000000
1727815710,2000000000
1727815740,2000000000
1727815770,2000000000
1727815800,2000000000
1727815830,2000000000
1727815860,2000000000
1727815890,2000000000
1727815920,2000000000
1727815950,2000000000
1727815980,2000000000
1727816010,2000000000
1727816040,2000000000
1727816070,2000000000
1727816100,2000000000
1727816130,2000000000
1727816160,2000000000
1727816190,2000000000
1727816220,2000000000
1727816250,2000000000
1727816280,2000000000
1727816310,2000000000
1727816340,2000000000
1727816370,2000000000
1727816400,2000000000
1727816430,2000000000
1727816460,2000000000
1727816490,2000000000
1727816520,2000000000
1727816550,2000000000
1727816580,2000000000
1727816610,2000000000
1727816640,2000000000
1727816670,2000000000
1727816700,2000000000
1727816730,2000000000
1727816760,2000000000
1727816790,2000000000
1727816820,2000000000
1727816850,2000000000
1727816880,2000000000
1727816910,2000000000
1727816940,2000000000
1727816970,2000000000
1727817000,2000000000
1727817030,2000000000
1727817060,2000000000
1727817090,2000000000
1727817120,2000000000
1727817150,2000000000
1727817180,2000000000
1727817210,2000000000
1727817240,2000000000
1727817270,2000000000
1727817300,2000000000
1727817330,2000000000
1727817360,2000000000
1727817390,2000000000
1727817420,2000000000
1727817450,2000000000
1727817480,2000000000
1727817510,2000000000
1727817540,2000000000
1727817570,2000000000
1727817600,2000000000
1727817630,2000000000
1727817660,2000000000
1727817690,2000000000
1727817720,2000000000
1727817750,2000000000
1727817780,2000000000
1727817810,2000000000
1727817840,2000000000
1727817870,2000000000
1727817900,2000000000
1727817930,2000000000
1727817960,2000000000
1727817990,2000000000
1727818020,2000000000
1727818050,2000000000
1727818080,2000000000
1727818110,2000000000
1727818140,2000000000
1727818170,2000000000
1727818200,2000000000
1727818230,2000000000
1727818260,2000000000
1727818290,2000000000
1727818320,2000000000
1727818350,2000000000
1727818380,2000000000
1727818410,2000000000
1727818440,2000000000
1727818470,2000000000
1727818500,2000000000
1727818530,2000000000
1727818560,2000000000
1727818590,2000000000
1727818620,2000000000
1727818650,2000000000
1727818680,2000000000
1727818710,2000000000
1727818740,2000000000
1727818770,2000000000
1727818800,2000000000
1727818830,2000000000
1727818860,2000000000
1727818890,2000000000
1727818920,2000000000
1727818950,2000000000
1727818980,2000000000
1727819010,2000000000
1727819040,2000000000
1727819070,2000000000
1727819100,2000000000
1727819130,2000000000
1727819160,2000000000
1727819190,2000000000
1727819220,2000000000
1727819250,2000000000
1727819280,2000000000
1727819310,2000000000
1727819340,2000000000
1727819370,2000000000
1727819400,2000000000
1727819430,2000000000
1727819460,2000000000
1727819490,2000000000
1727819520,2000000000
1727819550,2000000000
1727819580,2000000000
1727819610,2000000000
1727819640,2000000000
1727819670,2000000000
1727819700,2000000000
1727819730,2000000000
1727819760,2000000000
1727819790,2000000000
1727819820,2000000000
1727819850,2000000000
1727819880,2000000000
1727819910,2000000000
1727819940,2000000000
1727819970,2000000000
1727820000,2000000000
1727820030,2000000000
1727820060,2000000000
1727820090,2000000000
1727820120,2000000000
1727820150,2000000000
1727820180,2000000000
1727820210,2000000000
1727820240,2000000000
1727820270,2000000000
1727820300,2000000000
1727820330,2000000000
1727820360,2000000000
1727820390,2000000000
1727820420,2000000000
1727820450,2000000000
1727820480,2000000000
1727820510,2000000000
1727820540,2000000000
1727820570,2000000000
1727820600,2000000000
1727820630,2000000000
1727820660,2000000000
1727820690,2000000000
1727820720,2000000000
1727820750,2000000000
1727820780,2000000000
1727820810,2000000000
1727820840,2000000000
1727820870,2000000000
1727820900,2000000000
1727820930,2000000000
1727820960,2000000000
1727820990,2000000000
1727821020,2000000000
1727821050,2000000000
1727821080,2000000000
1727821110,2000000000
1727821140,2000000000
1727821170,2000000000
1727821200,2000000000
1727821230,2000000000
1727821260,2000000000
1727821290,2000000000
1727821320,2000000000
1727821350,2000000000
1727821380,2000000000
1727821410,2000000000
1727821440,2000000000
1727821470,2000000000
1727821500,2000000000
1727821530,2000000000
1727821560,2000000000
1727821590,2000000000
1727821620,2000000000
1727821650,2000000000
1727821680,2000000000
1727821710,2000000000
1727821740,2000000000
1727821770,2000000000
1727821800,2000000000
1727821830,2000000000
1727821860,2000000000
1727821890,2000000000
1727821920,2000000000
1727821950,2000000000
1727821980,2000000000
1727822010,2000000000
1727822040,2000000000
1727822070,2000000000
1727822100,2000000000
1727822130,2000000000
1727822160,2000000000
1727822190,2000000000
1727822220,2000000000
1727822250,2000000000
1727822280,2000000000
1727822310,2000000000
1727822340,2000000000
1727822370,2000000000
1727822400,2000000000
1727822430,2000000000
1727822460,2000000000
1727822490,2000000000
1727822520,2000000000
1727822550,2000000000
1727822580,2000000000
1727822610,2000000000
1727822640,2000000000
1727822670,2000000000
1727822700,2000000000
1727822730,2000000000
1727822760,2000000000
1727822790,2000000000
1727822820,2000000000
1727822850,2000000000
1727822880,2000000000
1727822910,2000000000
1727822940,2000000000
1727822970,2000000000
1727823000,2000000000
1727823030,2000000000
1727823060,2000000000
1727823090,2000000000
1727823120,2000000000
1727823150,2000000000
1727823180,2000000000
1727823210,2000000000
1727823240,2000000000
1727823270,2000000000
1727823300,2000000000
1727823330,2000000000
1727823360,2000000000
1727823390,2000000000
1727823420,2000000000
1727823450,2000000000
1727823480,2000000000
1727823510,2000000000
1727823540,2000000000
1727823570,2000000000
1727823600,2000000000
1727823630,2000000000
1727823660,2000000000
1727823690,2000000000
1727823720,2000000000
1727823750,2000000000
1727823780,2000000000
1727823810,2000000000
1727823840,2000000000
1727823870,2000000000
1727823900,2000000000
1727823930,2000000000
1727823960,2000000000
1727823990,2000000000
1727824020,2000000000
1727824050,2000000000
1727824080,2000000000
1727824110,2000000000
1727824140,2000000000
1727824170,2000000000
1727824200,2000000000
1727824230,2000000000
1727824260,2000000000
1727824290,2000000000
1727824320,2000000000
1727824350,2000000000
1727824380,2000000000
1727824410,2000000000
1727824440,2000000000
1727824470,2000000000
1727824500,2000000000
1727824530,2000000000
1727824560,2000000000
1727824590,2000000000
1727824620,2000000000
1727824650,2000000000
1727824680,2000000000
1727824710,2000000000
1727824740,2000000000
1727824770,2000000000
1727824800,2000000000
1727824830,2000000000
1727824860,2000000000
1727824890,2000000000
1727824920,2000000000
1727824950,2000000000
1727824980,2000000000
1727825010,2000000000
1727825040,2000000000
1727825070,2000000000
1727825100,2000000000
1727825130,2000000000
1727825160,2000000000
1727825190,2000000000
1727825220,2000000000
1727825250,2000000000
1727825280,2000000000
1727825310,2000000000
1727825340,2000000000
1727825370,2000000000
1727825400,2000000000
1727825430,2000000000
1727825460,2000000000
1727825490,2000000000
1727825520,2000000000
1727825550,2000000000
1727825580,2000000000
1727825610,2000000000
1727825640,2000000000
1727825670,2000000000
1727825700,2000000000
1727825730,2000000000
1727825760,2000000000
1727825790,2000000000
1727825820,2000000000
1727825850,2000000000
1727825880,2000000000
1727825910,2000000000
1727825940,2000000000
1727825970,2000000000
1727826000,2000000000
1727826030,2000000000
1727826060,2000000000
1727826090,2000000000
1727826120,2000000000
1727826150,2000000000
1727826180,2000000000
1727826210,2000000000
1727826240,2000000000
1727826270,2000000000
1727826300,2000000000
1727826330,2000000000
1727826360,2000000000
1727826390,2000000000
1727826420,2000000000
1727826450,2000000000
1727826480,2000000000
1727826510,2000000000
1727826540,2000000000
1727826570,2000000000
1727826600,2000000000
1727826630,2000000000
1727826660,2000000000
1727826690,2000000000
1727826720,2000000000
1727826750,2000000000
1727826780,2000000000
1727826810,2000000000
1727826840,2000000000
1727826870,2000000000
1727826900,2000000000
1727826930,2000000000
1727826960,2000000000
1727826990,2000000000
1727827020,2000000000
1727827050,2000000000
1727827080,2000000000
1727827110,2000000000
1727827140,2000000000
1727827170,2000000000
1727827200,2000000000
1727827230,2000000000
1727827260,2000000000
1727827290,2000000000
1727827320,2000000000
1727827350,2000000000
1727827380,2000000000
1727827410,2000000000
1727827440,2000000000
1727827470,2000000000
1727827500,2000000000
1727827530,2000000000
1727827560,2000000000
1727827590,2000000000
1727827620,2000000000
1727827650,2000000000
1727827680,2000000000
1727827710,2000000000
1727827740,2000000000
1727827770,2000000000
1727827800,2000000000
1727827830,2000000000
1727827860,2000000000
1727827890,2000000000
1727827920,2000000000
1727827950,2000000000
1727827980,2000000000
1727828010,2000000000
1727828040,2000000000
1727828070,2000000000
1727828100,2000000000
1727828130,2000000000
1727828160,2000000000
1727828190,2000000000
1727828220,2000000000
1727828250,2000000000
1727828280,2000000000
1727828310,2000000000
1727828340,2000000000
1727828370,2000000000
1727828400,2000000000
1727828430,2000000000
1727828460,2000000000
1727828490,2000000000
1727828520,2000000000
1727828550,2000000000
1727828580,2000000000
1727828610,2000000000
1727828640,2000000000
1727828670,2000000000
1727828700,2000000000
1727828730,2000000000
1727828760,2000000000
1727828790,2000000000
1727828820,2000000000
1727828850,2000000000
1727828880,2000000000
1727828910,2000000000
1727828940,2000000000
1727828970,2000000000
1727829000,2000000000
1727829030,2000000000
1727829060,2000000000
1727829090,2000000000
1727829120,2000000000
1727829150,2000000000
1727829180,2000000000
1727829210,2000000000
1727829240,2000000000
1727829270,2000000000
1727829300,2000000000
1727829330,2000000000
1727829360,2000000000
1727829390,2000000000
1727829420,2000000000
1727829450,2000000000
1727829480,2000000000
1727829510,2000000000
1727829540,2000000000
1727829570,2000000000
1727829600,2000000000
1727829630,2000000000
1727829660,2000000000
1727829690,2000000000
1727829720,2000000000
1727829750,2000000000
1727829780,2000000000
1727829810,2000000000
1727829840,2000000000
1727829870,2000000000
1727829900,2000000000
1727829930,2000000000
1727829960,2000000000
1727829990,2000000000
1727830020,2000000000
1727830050,2000000000
1727830080,2000000000
1727830110,2000000000
1727830140,2000000000
1727830170,2000000000
1727830200,2000000000
1727830230,2000000000
1727830260,2000000000
1727830290,2000000000
1727830320,2000000000
1727830350,2000000000
1727830380,2000000000
1727830410,2000000000
1727830440,2000000000
1727830470,2000000000
1727830500,2000000000
1727830530,2000000000
1727830560,2000000000
1727830590,2000000000
1727830620,2000000000
1727830650,2000000000
1727830680,2000000000
1727830710,2000000000
1727830740,2000000000
1727830770,2000000000
1727830800,2000000000
