"Time","gitaly","gitlab-exporter","gitlab-shell","kas","migrations","minio","registry","sidekiq","toolbox","webservice","postgresql"
1713353880000,209715200,100000000,12000000,200000000,209715200,134217728,67108864,2000000000,350000000,5200000000,268435456
1713353940000,209715200,100000000,12000000,200000000,209715200,134217728,67108864,2000000000,350000000,5200000000,268435456
1713354000000,209715200,100000000,12000000,200000000,209715200,134217728,67108864,2000000000,350000000,5200000000,268435456
1713354060000,209715200,100000000,12000000,200000000,209715200,134217728,67108864,4000000000,350000000,5200000000,268435456
1713354120000,209715200,100000000,12000000,200000000,209715200,134217728,67108864,4000000000,350000000,5200000000,268435456
1713354180000,209715200,100000000,12000000,200000000,209715200,134217728,67108864,4000000000,350000000,5200000000,268435456
1713354240000,209715200,100000000,12000000,200000000,209715200,134217728,67108864,4000000000,350000000,5200000000,268435456
1713354300000,209715200,100000000,12000000,200000000,209715200,134217728,67108864,4000000000,350000000,5200000000,268435456
1713354360000,209715200,100000000,12000000,200000000,209715200,134217728,67108864,4000000000,350000000,5200000000,268435456
1713354420000,209715200,100000000,12000000,200000000,209715200,134217728,67108864,4000000000,350000000,5200000000,268435456
1713354480000,209715200,100000000,12000000,200000000,209715200,134217728,67108864,4000000000,350000000,5200000000,268435456
1713354540000,209715200,100000000,12000000,200000000,209715200,134217728,67108864,4000000000,350000000,5200000000,268435456
1713354600000,209715200,100000000,12000000,200000000,209715200,134217728,67108864,4000000000,350000000,5200000000,268435456
1713354660000,209715200,100000000,12000000,200000000,209715200,134217728,67108864,4000000000,350000000,5200000000,268435456
1713354720000,209715200,100000000,12000000,200000000,209715200,134217728,67108864,2000000000,350000000,5200000000,268435456
1713354780000,209715200,100000000,12000000,200000000,209715200,134217728,67108864,2000000000,350000000,5200000000,268435456
1713354840000,209715200,100000000,12000000,200000000,209715200,134217728,67108864,2000000000,350000000,5200000000,268435456
1713354900000,209715200,100000000,12000000,200000000,209715200,134217728,67108864,2000000000,350000000,10400000000,268435456
1713354960000,209715200,100000000,12000000,200000000,209715200,134217728,67108864,2000000000,350000000,10400000000,268435456
1713355020000,209715200,100000000,12000000,200000000,209715200,134217728,67108864,2000000000,350000000,20800000000,268435456
1713355080000,209715200,100000000,12000000,200000000,209715200,134217728,67108864,2000000000,350000000,20800000000,268435456
1713355140000,209715200,100000000,12000000,200000000,209715200,134217728,67108864,2000000000,350000000,20800000000,268435456
1713355200000,209715200,100000000,12000000,200000000,209715200,134217728,67108864,2000000000,350000000,20800000000,268435456
1713355260000,209715200,100000000,12000000,200000000,209715200,134217728,67108864,4000000000,350000000,20800000000,268435456
1713355320000,209715200,100000000,12000000,200000000,209715200,134217728,67108864,4000000000,350000000,26000000000,268435456
1713355380000,209715200,100000000,12000000,200000000,209715200,134217728,67108864,4000000000,350000000,26000000000,268435456
1713355440000,209715200,100000000,12000000,200000000,209715200,134217728,67108864,4000000000,350000000,26000000000,268435456
1713355500000,209715200,100000000,12000000,200000000,209715200,134217728,67108864,4000000000,350000000,26000000000,268435456
1713355560000,209715200,100000000,12000000,200000000,209715200,134217728,67108864,4000000000,350000000,26000000000,268435456
1713355620000,209715200,100000000,12000000,200000000,209715200,134217728,67108864,4000000000,350000000,26000000000,268435456
1713355680000,209715200,100000000,12000000,200000000,209715200,134217728,67108864,4000000000,350000000,26000000000,268435456
1713355740000,209715200,100000000,12000000,200000000,209715200,134217728,67108864,4000000000,350000000,18200000000,268435456
1713355800000,209715200,100000000,12000000,200000000,209715200,134217728,67108864,2000000000,350000000,18200000000,268435456
1713355860000,209715200,100000000,12000000,200000000,209715200,134217728,67108864,2000000000,350000000,15600000000,268435456
1713355920000,209715200,100000000,12000000,200000000,209715200,134217728,67108864,2000000000,350000000,15600000000,268435456
1713355980000,209715200,100000000,12000000,200000000,209715200,134217728,67108864,2000000000,350000000,15600000000,268435456
1713356040000,209715200,100000000,12000000,200000000,209715200,134217728,67108864,2000000000,350000000,15600000000,268435456
1713356100000,209715200,100000000,12000000,200000000,209715200,134217728,67108864,4000000000,350000000,15600000000,268435456
1713356160000,209715200,100000000,12000000,200000000,209715200,134217728,67108864,4000000000,350000000,15600000000,268435456
1713356220000,209715200,100000000,12000000,200000000,209715200,134217728,67108864,4000000000,350000000,13000000000,268435456
1713356280000,209715200,100000000,12000000,200000000,209715200,134217728,67108864,4000000000,350000000,13000000000,268435456
1713356340000,209715200,100000000,12000000,200000000,209715200,134217728,67108864,4000000000,350000000,13000000000,268435456
1713356400000,209715200,100000000,12000000,200000000,209715200,134217728,67108864,4000000000,350000000,10400000000,268435456
1713356460000,209715200,100000000,12000000,200000000,209715200,134217728,67108864,2000000000,350000000,20800000000,268435456
1713356520000,209715200,100000000,12000000,200000000,209715200,134217728,67108864,2000000000,350000000,20800000000,268435456
1713356580000,209715200,100000000,12000000,200000000,209715200,134217728,67108864,2000000000,350000000,20800000000,268435456
1713356640000,209715200,100000000,12000000,200000000,209715200,134217728,67108864,2000000000,350000000,20800000000,268435456
1713356700000,209715200,100000000,12000000,200000000,209715200,134217728,67108864,2000000000,350000000,20800000000,268435456
1713356760000,209715200,100000000,12000000,200000000,209715200,134217728,67108864,2000000000,350000000,20800000000,268435456
1713356820000,209715200,100000000,12000000,200000000,209715200,134217728,67108864,2000000000,350000000,10400000000,268435456
1713356880000,209715200,100000000,12000000,200000000,209715200,134217728,67108864,2000000000,350000000,10400000000,268435456
1713356940000,209715200,100000000,12000000,200000000,209715200,134217728,67108864,2000000000,350000000,7800000000,268435456
1713357000000,209715200,100000000,12000000,200000000,209715200,134217728,67108864,2000000000,350000000,13000000000,268435456
1713357060000,209715200,100000000,12000000,200000000,209715200,134217728,67108864,2000000000,350000000,13000000000,268435456
1713357120000,209715200,100000000,12000000,200000000,209715200,134217728,67108864,2000000000,350000000,13000000000,268435456
1713357180000,209715200,100000000,12000000,200000000,209715200,134217728,67108864,2000000000,350000000,13000000000,268435456
1713357240000,209715200,100000000,12000000,200000000,209715200,134217728,67108864,2000000000,350000000,20800000000,268435456
1713357300000,209715200,100000000,12000000,200000000,209715200,134217728,67108864,2000000000,350000000,20800000000,268435456
1713357360000,209715200,100000000,12000000,200000000,209715200,134217728,67108864,2000000000,350000000,20800000000,268435456
1713357420000,209715200,100000000,12000000,200000000,209715200,134217728,67108864,2000000000,350000000,20800000000,268435456
1713357480000,209715200,100000000,12000000,200000000,209715200,134217728,67108864,2000000000,350000000,20800000000,268435456
1713357540000,209715200,100000000,12000000,200000000,209715200,134217728,67108864,2000000000,350000000,20800000000,268435456
1713357600000,209715200,100000000,12000000,200000000,209715200,134217728,67108864,2000000000,350000000,7800000000,268435456
1713357660000,209715200,100000000,12000000,200000000,209715200,134217728,67108864,2000000000,350000000,7800000000,268435456
1713357720000,209715200,100000000,12000000,200000000,209715200,134217728,67108864,2000000000,350000000,7800000000,268435456
1713357780000,209715200,100000000,12000000,200000000,209715200,134217728,67108864,4000000000,350000000,7800000000,268435456
1713357840000,209715200,100000000,12000000,200000000,209715200,134217728,67108864,4000000000,350000000,7800000000,268435456
1713357900000,209715200,100000000,12000000,200000000,209715200,134217728,67108864,4000000000,350000000,5200000000,268435456
1713357960000,209715200,100000000,12000000,200000000,209715200,134217728,67108864,4000000000,350000000,5200000000,268435456
1713358020000,209715200,100000000,12000000,200000000,209715200,134217728,67108864,4000000000,350000000,5200000000,268435456
1713358080000,209715200,100000000,12000000,200000000,209715200,134217728,67108864,4000000000,350000000,5200000000,268435456
1713358140000,209715200,100000000,12000000,200000000,209715200,134217728,67108864,4000000000,350000000,7800000000,268435456
1713358200000,209715200,100000000,12000000,200000000,209715200,134217728,67108864,4000000000,350000000,7800000000,268435456
1713358260000,209715200,100000000,12000000,200000000,209715200,134217728,67108864,4000000000,350000000,7800000000,268435456
1713358320000,209715200,100000000,12000000,200000000,209715200,134217728,67108864,4000000000,350000000,7800000000,268435456
1713358380000,209715200,100000000,12000000,200000000,209715200,134217728,67108864,2000000000,350000000,7800000000,268435456
1713358440000,209715200,100000000,12000000,200000000,209715200,134217728,67108864,2000000000,350000000,7800000000,268435456
1713358500000,209715200,100000000,12000000,200000000,209715200,134217728,67108864,2000000000,350000000,7800000000,268435456
1713358560000,209715200,100000000,12000000,200000000,209715200,134217728,67108864,2000000000,350000000,7800000000,268435456
1713358620000,209715200,100000000,12000000,200000000,209715200,134217728,67108864,2000000000,350000000,7800000000,268435456
1713358680000,209715200,100000000,12000000,200000000,209715200,134217728,67108864,2000000000,350000000,7800000000,268435456
1713358740000,209715200,100000000,12000000,200000000,209715200,134217728,67108864,2000000000,350000000,7800000000,268435456
1713358800000,209715200,100000000,12000000,200000000,209715200,134217728,67108864,2000000000,350000000,5200000000,268435456
1713358860000,209715200,100000000,12000000,200000000,209715200,134217728,67108864,4000000000,350000000,5200000000,268435456
1713358920000,209715200,100000000,12000000,200000000,209715200,134217728,67108864,4000000000,350000000,5200000000,268435456
1713358980000,209715200,100000000,12000000,200000000,209715200,134217728,67108864,4000000000,350000000,5200000000,268435456
1713359040000,209715200,100000000,12000000,200000000,209715200,134217728,67108864,4000000000,350000000,5200000000,268435456
1713359100000,209715200,100000000,12000000,200000000,209715200,134217728,67108864,4000000000,350000000,5200000000,268435456
1713359160000,209715200,100000000,12000000,200000000,209715200,134217728,67108864,4000000000,350000000,5200000000,268435456
1713359220000,209715200,100000000,12000000,200000000,209715200,134217728,67108864,4000000000,350000000,7800000000,268435456
1713359280000,209715200,100000000,12000000,200000000,209715200,134217728,67108864,4000000000,350000000,7800000000,268435456
1713359340000,209715200,100000000,12000000,200000000,209715200,134217728,67108864,4000000000,350000000,7800000000,268435456
1713359400000,209715200,100000000,12000000,200000000,209715200,134217728,67108864,4000000000,350000000,7800000000,268435456
1713359460000,209715200,100000000,12000000,200000000,209715200,134217728,67108864,4000000000,350000000,7800000000,268435456
1713359520000,209715200,100000000,12000000,200000000,209715200,134217728,67108864,4000000000,350000000,7800000000,268435456
1713359580000,209715200,100000000,12000000,200000000,209715200,134217728,67108864,4000000000,350000000,5200000000,268435456
1713359640000,209715200,100000000,12000000,200000000,209715200,134217728,67108864,4000000000,350000000,5200000000,268435456
1713359700000,209715200,100000000,12000000,200000000,209715200,134217728,67108864,4000000000,350000000,5200000000,268435456
1713359760000,209715200,100000000,12000000,200000000,209715200,134217728,67108864,4000000000,350000000,5200000000,268435456
1713359820000,209715200,100000000,12000000,200000000,209715200,134217728,67108864,4000000000,350000000,5200000000,268435456
1713359880000,209715200,100000000,12000000,200000000,209715200,134217728,67108864,4000000000,350000000,5200000000,268435456
1713359940000,209715200,100000000,12000000,200000000,209715200,134217728,67108864,4000000000,350000000,5200000000,268435456
1713360000000,209715200,100000000,12000000,200000000,209715200,134217728,67108864,4000000000,350000000,5200000000,268435456
1713360060000,209715200,100000000,12000000,200000000,209715200,134217728,67108864,4000000000,350000000,5200000000,268435456
1713360120000,209715200,100000000,12000000,200000000,209715200,134217728,67108864,4000000000,350000000,5200000000,268435456
1713360180000,209715200,100000000,12000000,200000000,209715200,134217728,67108864,4000000000,350000000,5200000000,268435456
1713360240000,209715200,100000000,12000000,200000000,209715200,134217728,67108864,4000000000,350000000,5200000000,268435456
1713360300000,209715200,100000000,12000000,200000000,209715200,134217728,67108864,4000000000,350000000,10400000000,268435456
1713360360000,209715200,100000000,12000000,200000000,209715200,134217728,67108864,4000000000,350000000,10400000000,268435456
1713360420000,209715200,100000000,12000000,200000000,209715200,134217728,67108864,4000000000,350000000,20800000000,268435456
1713360480000,209715200,100000000,12000000,200000000,209715200,134217728,67108864,4000000000,350000000,20800000000,268435456
1713360540000,209715200,100000000,12000000,200000000,209715200,134217728,67108864,4000000000,350000000,26000000000,268435456
1713360600000,209715200,100000000,12000000,200000000,209715200,134217728,67108864,4000000000,350000000,26000000000,268435456
1713360660000,209715200,100000000,12000000,200000000,209715200,134217728,67108864,2000000000,350000000,26000000000,268435456
1713360720000,209715200,100000000,12000000,200000000,209715200,134217728,67108864,2000000000,350000000,26000000000,268435456
1713360780000,209715200,100000000,12000000,200000000,209715200,134217728,67108864,4000000000,350000000,26000000000,268435456
1713360840000,209715200,100000000,12000000,200000000,209715200,134217728,67108864,4000000000,350000000,26000000000,268435456
1713360900000,209715200,100000000,12000000,200000000,209715200,134217728,67108864,4000000000,350000000,26000000000,268435456
1713360960000,209715200,100000000,12000000,200000000,209715200,134217728,67108864,4000000000,350000000,26000000000,268435456
1713361020000,209715200,100000000,12000000,200000000,209715200,134217728,67108864,4000000000,350000000,26000000000,268435456
1713361080000,209715200,100000000,12000000,200000000,209715200,134217728,67108864,4000000000,350000000,26000000000,268435456
1713361140000,209715200,100000000,12000000,200000000,209715200,134217728,67108864,4000000000,350000000,20800000000,268435456
1713361200000,209715200,100000000,12000000,200000000,209715200,134217728,67108864,2000000000,350000000,20800000000,268435456
1713361260000,209715200,100000000,12000000,200000000,209715200,134217728,67108864,2000000000,350000000,18200000000,268435456
1713361320000,209715200,100000000,12000000,200000000,209715200,134217728,67108864,2000000000,350000000,23400000000,268435456
1713361380000,209715200,100000000,12000000,200000000,209715200,134217728,67108864,2000000000,350000000,23400000000,268435456
1713361440000,209715200,100000000,12000000,200000000,209715200,134217728,67108864,2000000000,350000000,23400000000,268435456
1713361500000,209715200,100000000,12000000,200000000,209715200,134217728,67108864,2000000000,350000000,23400000000,268435456
1713361560000,209715200,100000000,12000000,200000000,209715200,134217728,67108864,2000000000,350000000,23400000000,268435456
1713361620000,209715200,100000000,12000000,200000000,209715200,134217728,67108864,2000000000,350000000,23400000000,268435456
1713361680000,209715200,100000000,12000000,200000000,209715200,134217728,67108864,2000000000,350000000,18200000000,268435456
1713361740000,209715200,100000000,12000000,200000000,209715200,134217728,67108864,2000000000,350000000,18200000000,268435456
1713361800000,209715200,100000000,12000000,200000000,209715200,134217728,67108864,2000000000,350000000,18200000000,268435456
1713361860000,209715200,100000000,12000000,200000000,209715200,134217728,67108864,2000000000,350000000,13000000000,268435456
1713361920000,209715200,100000000,12000000,200000000,209715200,134217728,67108864,2000000000,350000000,26000000000,268435456
1713361980000,209715200,100000000,12000000,200000000,209715200,134217728,67108864,2000000000,350000000,26000000000,268435456
1713362040000,209715200,100000000,12000000,200000000,209715200,134217728,67108864,2000000000,350000000,26000000000,268435456
1713362100000,209715200,100000000,12000000,200000000,209715200,134217728,67108864,2000000000,350000000,26000000000,268435456
1713362160000,209715200,100000000,12000000,200000000,209715200,134217728,67108864,2000000000,350000000,26000000000,268435456
1713362220000,209715200,100000000,12000000,200000000,209715200,134217728,67108864,2000000000,350000000,26000000000,268435456
1713362280000,209715200,100000000,12000000,200000000,209715200,134217728,67108864,2000000000,350000000,26000000000,268435456
1713362340000,209715200,100000000,12000000,200000000,209715200,134217728,67108864,2000000000,350000000,18200000000,268435456
1713362400000,209715200,100000000,12000000,200000000,209715200,134217728,67108864,2000000000,350000000,13000000000,268435456
1713362460000,209715200,100000000,12000000,200000000,209715200,134217728,67108864,4000000000,350000000,13000000000,268435456
1713362520000,209715200,100000000,12000000,200000000,209715200,134217728,67108864,4000000000,350000000,13000000000,268435456
1713362580000,209715200,100000000,12000000,200000000,209715200,134217728,67108864,4000000000,350000000,15600000000,268435456
1713362640000,209715200,100000000,12000000,200000000,209715200,134217728,67108864,4000000000,350000000,18200000000,268435456
1713362700000,209715200,100000000,12000000,200000000,209715200,134217728,67108864,4000000000,350000000,18200000000,268435456
1713362760000,209715200,100000000,12000000,200000000,209715200,134217728,67108864,4000000000,350000000,18200000000,268435456
1713362820000,209715200,100000000,12000000,200000000,209715200,134217728,67108864,4000000000,350000000,18200000000,268435456
1713362880000,209715200,100000000,12000000,200000000,209715200,134217728,67108864,4000000000,350000000,18200000000,268435456
1713362940000,209715200,100000000,12000000,200000000,209715200,134217728,67108864,4000000000,350000000,26000000000,268435456
1713363000000,209715200,100000000,12000000,200000000,209715200,134217728,67108864,4000000000,350000000,26000000000,268435456
1713363060000,209715200,100000000,12000000,200000000,209715200,134217728,67108864,4000000000,350000000,26000000000,268435456
1713363120000,209715200,100000000,12000000,200000000,209715200,134217728,67108864,4000000000,350000000,26000000000,268435456
1713363180000,209715200,100000000,12000000,200000000,209715200,134217728,67108864,4000000000,350000000,26000000000,268435456
1713363240000,209715200,100000000,12000000,200000000,209715200,134217728,67108864,4000000000,350000000,20800000000,268435456
1713363300000,209715200,100000000,12000000,200000000,209715200,134217728,67108864,4000000000,350000000,10400000000,268435456
1713363360000,209715200,100000000,12000000,200000000,209715200,134217728,67108864,4000000000,350000000,10400000000,268435456
1713363420000,209715200,100000000,12000000,200000000,209715200,134217728,67108864,4000000000,350000000,10400000000,268435456
1713363480000,209715200,100000000,12000000,200000000,209715200,134217728,67108864,4000000000,350000000,10400000000,268435456
1713363540000,209715200,100000000,12000000,200000000,209715200,134217728,67108864,4000000000,350000000,7800000000,268435456
1713363600000,209715200,100000000,12000000,200000000,209715200,134217728,67108864,4000000000,350000000,5200000000,268435456
1713363660000,209715200,100000000,12000000,200000000,209715200,134217728,67108864,4000000000,350000000,5200000000,268435456
1713363720000,209715200,100000000,12000000,200000000,209715200,134217728,67108864,4000000000,350000000,5200000000,268435456
1713363780000,209715200,100000000,12000000,200000000,209715200,134217728,67108864,4000000000,350000000,7800000000,268435456
1713363840000,209715200,100000000,12000000,200000000,209715200,134217728,67108864,4000000000,350000000,7800000000,268435456
1713363900000,209715200,100000000,12000000,200000000,209715200,134217728,67108864,4000000000,350000000,7800000000,268435456
1713363960000,209715200,100000000,12000000,200000000,209715200,134217728,67108864,4000000000,350000000,7800000000,268435456
1713364020000,209715200,100000000,12000000,200000000,209715200,134217728,67108864,2000000000,350000000,7800000000,268435456
1713364080000,209715200,100000000,12000000,200000000,209715200,134217728,67108864,2000000000,350000000,7800000000,268435456
1713364140000,209715200,100000000,12000000,200000000,209715200,134217728,67108864,2000000000,350000000,7800000000,268435456
1713364200000,209715200,100000000,12000000,200000000,209715200,134217728,67108864,2000000000,350000000,7800000000,268435456
1713364260000,209715200,100000000,12000000,200000000,209715200,134217728,67108864,2000000000,350000000,7800000000,268435456
1713364320000,209715200,100000000,12000000,200000000,209715200,134217728,67108864,2000000000,350000000,7800000000,268435456
1713364380000,209715200,100000000,12000000,200000000,209715200,134217728,67108864,2000000000,350000000,7800000000,268435456
1713364440000,209715200,100000000,12000000,200000000,209715200,134217728,67108864,2000000000,350000000,7800000000,268435456
1713364500000,209715200,100000000,12000000,200000000,209715200,134217728,67108864,2000000000,350000000,7800000000,268435456
1713364560000,209715200,100000000,12000000,200000000,209715200,134217728,67108864,2000000000,350000000,7800000000,268435456
1713364620000,209715200,100000000,12000000,200000000,209715200,134217728,67108864,2000000000,350000000,7800000000,268435456
1713364680000,209715200,100000000,12000000,200000000,209715200,134217728,67108864,2000000000,350000000,7800000000,268435456
1713364740000,209715200,100000000,12000000,200000000,209715200,134217728,67108864,2000000000,350000000,7800000000,268435456
1713364800000,209715200,100000000,12000000,200000000,209715200,134217728,67108864,2000000000,350000000,7800000000,268435456
1713364860000,209715200,100000000,12000000,200000000,209715200,134217728,67108864,2000000000,350000000,7800000000,268435456
1713364920000,209715200,100000000,12000000,200000000,209715200,134217728,67108864,2000000000,350000000,10400000000,268435456
1713364980000,209715200,100000000,12000000,200000000,209715200,134217728,67108864,2000000000,350000000,10400000000,268435456
1713365040000,209715200,100000000,12000000,200000000,209715200,134217728,67108864,2000000000,350000000,10400000000,268435456
1713365100000,209715200,100000000,12000000,200000000,209715200,134217728,67108864,2000000000,350000000,10400000000,268435456
1713365160000,209715200,100000000,12000000,200000000,209715200,134217728,67108864,2000000000,350000000,10400000000,268435456
1713365220000,209715200,100000000,12000000,200000000,209715200,134217728,67108864,2000000000,350000000,10400000000,268435456
1713365280000,209715200,100000000,12000000,200000000,209715200,134217728,67108864,2000000000,350000000,7800000000,268435456
1713365340000,209715200,100000000,12000000,200000000,209715200,134217728,67108864,2000000000,350000000,5200000000,268435456
1713365400000,209715200,100000000,12000000,200000000,209715200,134217728,67108864,2000000000,350000000,5200000000,268435456
1713365460000,209715200,100000000,12000000,200000000,209715200,134217728,67108864,2000000000,350000000,5200000000,268435456
1713365520000,209715200,100000000,12000000,200000000,209715200,134217728,67108864,2000000000,350000000,5200000000,268435456
1713365580000,209715200,100000000,12000000,200000000,209715200,134217728,67108864,2000000000,350000000,5200000000,268435456
1713365640000,209715200,100000000,12000000,200000000,209715200,134217728,67108864,2000000000,350000000,5200000000,268435456
1713365700000,209715200,100000000,12000000,200000000,209715200,134217728,67108864,2000000000,350000000,5200000000,268435456
1713365760000,209715200,100000000,12000000,200000000,209715200,134217728,67108864,2000000000,350000000,5200000000,268435456
1713365820000,209715200,100000000,12000000,200000000,209715200,134217728,67108864,2000000000,350000000,5200000000,268435456
1713365880000,209715200,100000000,12000000,200000000,209715200,134217728,67108864,2000000000,350000000,5200000000,268435456
1713365940000,209715200,100000000,12000000,200000000,209715200,134217728,67108864,2000000000,350000000,5200000000,268435456
1713366000000,209715200,100000000,12000000,200000000,209715200,134217728,67108864,2000000000,350000000,10400000000,268435456
1713366060000,209715200,100000000,12000000,200000000,209715200,134217728,67108864,4000000000,350000000,10400000000,268435456
1713366120000,209715200,100000000,12000000,200000000,209715200,134217728,67108864,4000000000,350000000,20800000000,268435456
1713366180000,209715200,100000000,12000000,200000000,209715200,134217728,67108864,4000000000,350000000,20800000000,268435456
1713366240000,209715200,100000000,12000000,200000000,209715200,134217728,67108864,4000000000,350000000,20800000000,268435456
1713366300000,209715200,100000000,12000000,200000000,209715200,134217728,67108864,4000000000,350000000,20800000000,268435456
1713366360000,209715200,100000000,12000000,200000000,209715200,134217728,67108864,4000000000,350000000,20800000000,268435456
1713366420000,209715200,100000000,12000000,200000000,209715200,134217728,67108864,4000000000,350000000,20800000000,268435456
1713366480000,209715200,100000000,12000000,200000000,209715200,134217728,67108864,2000000000,350000000,26000000000,268435456
1713366540000,209715200,100000000,12000000,200000000,209715200,134217728,67108864,2000000000,350000000,26000000000,268435456
1713366600000,209715200,100000000,12000000,200000000,209715200,134217728,67108864,2000000000,350000000,26000000000,268435456
1713366660000,209715200,100000000,12000000,200000000,209715200,134217728,67108864,2000000000,350000000,26000000000,268435456
1713366720000,209715200,100000000,12000000,200000000,209715200,134217728,67108864,2000000000,350000000,26000000000,268435456
1713366780000,209715200,100000000,12000000,200000000,209715200,134217728,67108864,2000000000,350000000,26000000000,268435456
1713366840000,209715200,100000000,12000000,200000000,209715200,134217728,67108864,2000000000,350000000,26000000000,268435456
1713366900000,209715200,100000000,12000000,200000000,209715200,134217728,67108864,2000000000,350000000,26000000000,268435456
1713366960000,209715200,100000000,12000000,200000000,209715200,134217728,67108864,2000000000,350000000,20800000000,268435456
1713367020000,209715200,100000000,12000000,200000000,209715200,134217728,67108864,2000000000,350000000,20800000000,268435456
1713367080000,209715200,100000000,12000000,200000000,209715200,134217728,67108864,2000000000,350000000,20800000000,268435456
1713367140000,209715200,100000000,12000000,200000000,209715200,134217728,67108864,2000000000,350000000,20800000000,268435456
1713367200000,209715200,100000000,12000000,200000000,209715200,134217728,67108864,2000000000,350000000,20800000000,268435456
1713367260000,209715200,100000000,12000000,200000000,209715200,134217728,67108864,2000000000,350000000,20800000000,268435456
1713367320000,209715200,100000000,12000000,200000000,209715200,134217728,67108864,2000000000,350000000,20800000000,268435456
1713367380000,209715200,100000000,12000000,200000000,209715200,134217728,67108864,2000000000,350000000,20800000000,268435456
1713367440000,209715200,100000000,12000000,200000000,209715200,134217728,67108864,2000000000,350000000,20800000000,268435456
1713367500000,209715200,100000000,12000000,200000000,209715200,134217728,67108864,2000000000,350000000,20800000000,268435456
1713367560000,209715200,100000000,12000000,200000000,209715200,134217728,67108864,2000000000,350000000,20800000000,268435456
1713367620000,209715200,100000000,12000000,200000000,209715200,134217728,67108864,2000000000,350000000,15600000000,268435456
1713367680000,209715200,100000000,12000000,200000000,209715200,134217728,67108864,2000000000,350000000,26000000000,268435456
1713367740000,209715200,100000000,12000000,200000000,209715200,134217728,67108864,2000000000,350000000,26000000000,268435456
1713367800000,209715200,100000000,12000000,200000000,209715200,134217728,67108864,2000000000,350000000,26000000000,268435456
1713367860000,209715200,100000000,12000000,200000000,209715200,134217728,67108864,2000000000,350000000,26000000000,268435456
1713367920000,209715200,100000000,12000000,200000000,209715200,134217728,67108864,2000000000,350000000,26000000000,268435456
1713367980000,209715200,100000000,12000000,200000000,209715200,134217728,67108864,4000000000,350000000,26000000000,268435456
1713368040000,209715200,100000000,12000000,200000000,209715200,134217728,67108864,4000000000,350000000,26000000000,268435456
1713368100000,209715200,100000000,12000000,200000000,209715200,134217728,67108864,4000000000,350000000,18200000000,268435456
1713368160000,209715200,100000000,12000000,200000000,209715200,134217728,67108864,4000000000,350000000,18200000000,268435456
1713368220000,209715200,100000000,12000000,200000000,209715200,134217728,67108864,4000000000,350000000,15600000000,268435456
1713368280000,209715200,100000000,12000000,200000000,209715200,134217728,67108864,4000000000,350000000,13000000000,268435456
1713368340000,209715200,100000000,12000000,200000000,209715200,134217728,67108864,4000000000,350000000,13000000000,268435456
1713368400000,209715200,100000000,12000000,200000000,209715200,134217728,67108864,4000000000,350000000,20800000000,268435456
1713368460000,209715200,100000000,12000000,200000000,209715200,134217728,67108864,4000000000,350000000,20800000000,268435456
1713368520000,209715200,100000000,12000000,200000000,209715200,134217728,67108864,4000000000,350000000,20800000000,268435456
1713368580000,209715200,100000000,12000000,200000000,209715200,134217728,67108864,4000000000,350000000,20800000000,268435456
1713368640000,209715200,100000000,12000000,200000000,209715200,134217728,67108864,4000000000,350000000,20800000000,268435456
1713368700000,209715200,100000000,12000000,200000000,209715200,134217728,67108864,2000000000,350000000,26000000000,268435456
1713368760000,209715200,100000000,12000000,200000000,209715200,134217728,67108864,2000000000,350000000,26000000000,268435456
1713368820000,209715200,100000000,12000000,200000000,209715200,134217728,67108864,2000000000,350000000,26000000000,268435456
1713368880000,209715200,100000000,12000000,200000000,209715200,134217728,67108864,2000000000,350000000,26000000000,268435456
1713368940000,209715200,100000000,12000000,200000000,209715200,134217728,67108864,2000000000,350000000,26000000000,268435456
1713369000000,209715200,100000000,12000000,200000000,209715200,134217728,67108864,2000000000,350000000,26000000000,268435456
1713369060000,209715200,100000000,12000000,200000000,209715200,134217728,67108864,4000000000,350000000,13000000000,268435456
1713369120000,209715200,100000000,12000000,200000000,209715200,134217728,67108864,4000000000,350000000,13000000000,268435456
1713369180000,209715200,100000000,12000000,200000000,209715200,134217728,67108864,4000000000,350000000,13000000000,268435456
1713369240000,209715200,100000000,12000000,200000000,209715200,134217728,67108864,4000000000,350000000,10400000000,268435456
1713369300000,209715200,100000000,12000000,200000000,209715200,134217728,67108864,4000000000,350000000,10400000000,268435456
1713369360000,209715200,100000000,12000000,200000000,209715200,134217728,67108864,4000000000,350000000,5200000000,268435456
1713369420000,209715200,100000000,12000000,200000000,209715200,134217728,67108864,4000000000,350000000,5200000000,268435456
1713369480000,209715200,100000000,12000000,200000000,209715200,134217728,67108864,4000000000,350000000,5200000000,268435456
1713369540000,209715200,100000000,12000000,200000000,209715200,134217728,67108864,4000000000,350000000,5200000000,268435456
1713369600000,209715200,100000000,12000000,200000000,209715200,134217728,67108864,4000000000,350000000,5200000000,268435456
1713369660000,209715200,100000000,12000000,200000000,209715200,134217728,67108864,4000000000,350000000,7800000000,268435456
1713369720000,209715200,100000000,12000000,200000000,209715200,134217728,67108864,4000000000,350000000,7800000000,268435456
1713369780000,209715200,100000000,12000000,200000000,209715200,134217728,67108864,4000000000,350000000,7800000000,268435456
1713369840000,209715200,100000000,12000000,200000000,209715200,134217728,67108864,4000000000,350000000,7800000000,268435456
1713369900000,209715200,100000000,12000000,200000000,209715200,134217728,67108864,4000000000,350000000,7800000000,268435456
1713369960000,209715200,100000000,12000000,200000000,209715200,134217728,67108864,4000000000,350000000,7800000000,268435456
1713370020000,209715200,100000000,12000000,200000000,209715200,134217728,67108864,2000000000,350000000,7800000000,268435456
1713370080000,209715200,100000000,12000000,200000000,209715200,134217728,67108864,4000000000,350000000,7800000000,268435456
1713370140000,209715200,100000000,12000000,200000000,209715200,134217728,67108864,4000000000,350000000,7800000000,268435456
1713370200000,209715200,100000000,12000000,200000000,209715200,134217728,67108864,4000000000,350000000,7800000000,268435456
1713370260000,209715200,100000000,12000000,200000000,209715200,134217728,67108864,4000000000,350000000,7800000000,268435456
1713370320000,209715200,100000000,12000000,200000000,209715200,134217728,67108864,4000000000,350000000,7800000000,268435456
1713370380000,209715200,100000000,12000000,200000000,209715200,134217728,67108864,4000000000,350000000,7800000000,268435456
1713370440000,209715200,100000000,12000000,200000000,209715200,134217728,67108864,2000000000,350000000,7800000000,268435456
1713370500000,209715200,100000000,12000000,200000000,209715200,134217728,67108864,2000000000,350000000,7800000000,268435456
1713370560000,209715200,100000000,12000000,200000000,209715200,134217728,67108864,2000000000,350000000,7800000000,268435456
1713370620000,209715200,100000000,12000000,200000000,209715200,134217728,67108864,2000000000,350000000,7800000000,268435456
1713370680000,209715200,100000000,12000000,200000000,209715200,134217728,67108864,2000000000,350000000,7800000000,268435456
1713370740000,209715200,100000000,12000000,200000000,209715200,134217728,67108864,4000000000,350000000,7800000000,268435456
1713370800000,209715200,100000000,12000000,200000000,209715200,134217728,67108864,4000000000,350000000,10400000000,268435456
1713370860000,209715200,100000000,12000000,200000000,209715200,134217728,67108864,4000000000,350000000,10400000000,268435456
1713370920000,209715200,100000000,12000000,200000000,209715200,134217728,67108864,4000000000,350000000,10400000000,268435456
1713370980000,209715200,100000000,12000000,200000000,209715200,134217728,67108864,4000000000,350000000,10400000000,268435456
1713371040000,209715200,100000000,12000000,200000000,209715200,134217728,67108864,4000000000,350000000,10400000000,268435456
1713371100000,209715200,100000000,12000000,200000000,209715200,134217728,67108864,4000000000,350000000,10400000000,268435456
1713371160000,209715200,100000000,12000000,200000000,209715200,134217728,67108864,4000000000,350000000,7800000000,268435456
1713371220000,209715200,100000000,12000000,200000000,209715200,134217728,67108864,4000000000,350000000,5200000000,268435456
1713371280000,209715200,100000000,12000000,200000000,209715200,134217728,67108864,4000000000,350000000,5200000000,268435456
1713371340000,209715200,100000000,12000000,200000000,209715200,134217728,67108864,4000000000,350000000,5200000000,268435456
1713371400000,209715200,100000000,12000000,200000000,209715200,134217728,67108864,2000000000,350000000,5200000000,268435456
1713371460000,209715200,100000000,12000000,200000000,209715200,134217728,67108864,2000000000,350000000,5200000000,268435456
1713371520000,209715200,100000000,12000000,200000000,209715200,134217728,67108864,2000000000,350000000,5200000000,268435456
1713371580000,209715200,100000000,12000000,200000000,209715200,134217728,67108864,2000000000,350000000,5200000000,268435456
1713371640000,209715200,100000000,12000000,200000000,209715200,134217728,67108864,2000000000,350000000,5200000000,268435456
1713371700000,209715200,100000000,12000000,200000000,209715200,134217728,67108864,2000000000,350000000,5200000000,268435456
1713371760000,209715200,100000000,12000000,200000000,209715200,134217728,67108864,2000000000,350000000,5200000000,268435456
1713371820000,209715200,100000000,12000000,200000000,209715200,134217728,67108864,2000000000,350000000,5200000000,268435456
1713371880000,209715200,100000000,12000000,200000000,209715200,134217728,67108864,2000000000,350000000,5200000000,268435456
1713371940000,209715200,100000000,12000000,200000000,209715200,134217728,67108864,2000000000,350000000,5200000000,268435456
1713372000000,209715200,100000000,12000000,200000000,209715200,134217728,67108864,2000000000,350000000,5200000000,268435456
1713372060000,209715200,100000000,12000000,200000000,209715200,134217728,67108864,2000000000,350000000,5200000000,268435456
1713372120000,209715200,100000000,12000000,200000000,209715200,134217728,67108864,2000000000,350000000,5200000000,268435456
1713372180000,209715200,100000000,12000000,200000000,209715200,134217728,67108864,2000000000,350000000,5200000000,268435456
1713372240000,209715200,100000000,12000000,200000000,209715200,134217728,67108864,2000000000,350000000,5200000000,268435456
1713372300000,209715200,100000000,12000000,200000000,209715200,134217728,67108864,2000000000,350000000,5200000000,268435456
1713372360000,209715200,100000000,12000000,200000000,209715200,134217728,67108864,2000000000,350000000,7800000000,268435456
1713372420000,209715200,100000000,12000000,200000000,209715200,134217728,67108864,2000000000,350000000,7800000000,268435456
1713372480000,209715200,100000000,12000000,200000000,209715200,134217728,67108864,2000000000,350000000,7800000000,268435456
1713372540000,209715200,100000000,12000000,200000000,209715200,134217728,67108864,2000000000,350000000,7800000000,268435456
1713372600000,209715200,100000000,12000000,200000000,209715200,134217728,67108864,2000000000,350000000,7800000000,268435456
1713372660000,209715200,100000000,12000000,200000000,209715200,134217728,67108864,2000000000,350000000,7800000000,268435456
1713372720000,209715200,100000000,12000000,200000000,209715200,134217728,67108864,2000000000,350000000,5200000000,268435456
1713372780000,209715200,100000000,12000000,200000000,209715200,134217728,67108864,2000000000,350000000,5200000000,268435456
1713372840000,209715200,100000000,12000000,200000000,209715200,134217728,67108864,2000000000,350000000,5200000000,268435456
1713372900000,209715200,100000000,12000000,200000000,209715200,134217728,67108864,2000000000,350000000,5200000000,268435456
1713372960000,209715200,100000000,12000000,200000000,209715200,134217728,67108864,2000000000,350000000,5200000000,268435456
1713373020000,209715200,100000000,12000000,200000000,209715200,134217728,67108864,4000000000,350000000,5200000000,268435456
1713373080000,209715200,100000000,12000000,200000000,209715200,134217728,67108864,4000000000,350000000,5200000000,268435456
1713373140000,209715200,100000000,12000000,200000000,209715200,134217728,67108864,4000000000,350000000,5200000000,268435456
1713373200000,209715200,100000000,12000000,200000000,209715200,134217728,67108864,4000000000,350000000,5200000000,268435456
1713373260000,209715200,100000000,12000000,200000000,209715200,134217728,67108864,4000000000,350000000,5200000000,268435456
1713373320000,209715200,100000000,12000000,200000000,209715200,134217728,67108864,4000000000,350000000,5200000000,268435456
1713373380000,209715200,100000000,12000000,200000000,209715200,134217728,67108864,4000000000,350000000,5200000000,268435456
1713373440000,209715200,100000000,12000000,200000000,209715200,134217728,67108864,4000000000,350000000,5200000000,268435456
1713373500000,209715200,100000000,12000000,200000000,209715200,134217728,67108864,4000000000,350000000,5200000000,268435456
1713373560000,209715200,100000000,12000000,200000000,209715200,134217728,67108864,4000000000,350000000,5200000000,268435456
1713373620000,209715200,100000000,12000000,200000000,209715200,134217728,67108864,2000000000,350000000,5200000000,268435456
1713373680000,209715200,100000000,12000000,200000000,209715200,134217728,67108864,2000000000,350000000,5200000000,268435456
1713373740000,209715200,100000000,12000000,200000000,209715200,134217728,67108864,2000000000,350000000,5200000000,268435456
1713373800000,209715200,100000000,12000000,200000000,209715200,134217728,67108864,2000000000,350000000,5200000000,268435456
1713373860000,209715200,100000000,12000000,200000000,209715200,134217728,67108864,2000000000,350000000,5200000000,268435456
1713373920000,209715200,100000000,12000000,200000000,209715200,134217728,67108864,2000000000,350000000,5200000000,268435456
1713373980000,209715200,100000000,12000000,200000000,209715200,134217728,67108864,2000000000,350000000,5200000000,268435456
1713374040000,209715200,100000000,12000000,200000000,209715200,134217728,67108864,2000000000,350000000,5200000000,268435456
1713374100000,209715200,100000000,12000000,200000000,209715200,134217728,67108864,2000000000,350000000,5200000000,268435456
1713374160000,209715200,100000000,12000000,200000000,209715200,134217728,67108864,2000000000,350000000,5200000000,268435456
1713374220000,209715200,100000000,12000000,200000000,209715200,134217728,67108864,2000000000,350000000,5200000000,268435456
1713374280000,209715200,100000000,12000000,200000000,209715200,134217728,67108864,2000000000,350000000,5200000000,268435456
1713374340000,209715200,100000000,12000000,200000000,209715200,134217728,67108864,2000000000,350000000,5200000000,268435456
1713374400000,209715200,100000000,12000000,200000000,209715200,134217728,67108864,2000000000,350000000,5200000000,268435456
1713374460000,209715200,100000000,12000000,200000000,209715200,134217728,67108864,2000000000,350000000,5200000000,268435456
1713374520000,209715200,100000000,12000000,200000000,209715200,134217728,67108864,2000000000,350000000,5200000000,268435456
1713374580000,209715200,100000000,12000000,200000000,209715200,134217728,67108864,2000000000,350000000,5200000000,268435456
1713374640000,209715200,100000000,12000000,200000000,209715200,134217728,67108864,2000000000,350000000,5200000000,268435456
1713374700000,209715200,100000000,12000000,200000000,209715200,134217728,67108864,2000000000,350000000,5200000000,268435456
1713374760000,209715200,100000000,12000000,200000000,209715200,134217728,67108864,2000000000,350000000,5200000000,268435456
1713374820000,209715200,100000000,12000000,200000000,209715200,134217728,67108864,2000000000,350000000,5200000000,268435456
1713374880000,209715200,100000000,12000000,200000000,209715200,134217728,67108864,2000000000,350000000,5200000000,268435456
1713374940000,209715200,100000000,12000000,200000000,209715200,134217728,67108864,4000000000,350000000,5200000000,268435456
1713375000000,209715200,100000000,12000000,200000000,209715200,134217728,67108864,4000000000,350000000,5200000000,268435456
1713375060000,209715200,100000000,12000000,200000000,209715200,134217728,67108864,4000000000,350000000,5200000000,268435456
1713375120000,209715200,100000000,12000000,200000000,209715200,134217728,67108864,4000000000,350000000,5200000000,268435456
1713375180000,209715200,100000000,12000000,200000000,209715200,134217728,67108864,4000000000,350000000,5200000000,268435456
1713375240000,209715200,100000000,12000000,200000000,209715200,134217728,67108864,4000000000,350000000,5200000000,268435456
1713375300000,209715200,100000000,12000000,200000000,209715200,134217728,67108864,4000000000,350000000,5200000000,268435456
1713375360000,209715200,100000000,12000000,200000000,209715200,134217728,67108864,4000000000,350000000,5200000000,268435456
1713375420000,209715200,100000000,12000000,200000000,209715200,134217728,67108864,4000000000,350000000,5200000000,268435456
1713375480000,209715200,100000000,12000000,200000000,209715200,134217728,67108864,4000000000,350000000,5200000000,268435456
1713375540000,209715200,100000000,12000000,200000000,209715200,134217728,67108864,4000000000,350000000,5200000000,268435456
1713375600000,209715200,100000000,12000000,200000000,209715200,134217728,67108864,4000000000,350000000,5200000000,268435456
1713375660000,209715200,100000000,12000000,200000000,209715200,134217728,67108864,4000000000,350000000,5200000000,268435456
1713375720000,209715200,100000000,12000000,200000000,209715200,134217728,67108864,4000000000,350000000,5200000000,268435456
1713375780000,209715200,100000000,12000000,200000000,209715200,134217728,67108864,4000000000,350000000,5200000000,268435456
1713375840000,209715200,100000000,12000000,200000000,209715200,134217728,67108864,2000000000,350000000,5200000000,268435456
1713375900000,209715200,100000000,12000000,200000000,209715200,134217728,67108864,2000000000,350000000,5200000000,268435456
1713375960000,209715200,100000000,12000000,200000000,209715200,134217728,67108864,2000000000,350000000,5200000000,268435456
1713376020000,209715200,100000000,12000000,200000000,209715200,134217728,67108864,2000000000,350000000,5200000000,268435456
1713376080000,209715200,100000000,12000000,200000000,209715200,134217728,67108864,2000000000,350000000,5200000000,268435456
1713376140000,209715200,100000000,12000000,200000000,209715200,134217728,67108864,2000000000,350000000,5200000000,268435456
1713376200000,209715200,100000000,12000000,200000000,209715200,134217728,67108864,2000000000,350000000,5200000000,268435456
1713376260000,209715200,100000000,12000000,200000000,209715200,134217728,67108864,2000000000,350000000,5200000000,268435456
1713376320000,209715200,100000000,12000000,200000000,209715200,134217728,67108864,2000000000,350000000,5200000000,268435456
1713376380000,209715200,100000000,12000000,200000000,209715200,134217728,67108864,2000000000,350000000,5200000000,268435456
1713376440000,209715200,100000000,12000000,200000000,209715200,134217728,67108864,2000000000,350000000,5200000000,268435456
1713376500000,209715200,100000000,12000000,200000000,209715200,134217728,67108864,2000000000,350000000,5200000000,268435456
1713376560000,209715200,100000000,12000000,200000000,209715200,134217728,67108864,2000000000,350000000,5200000000,268435456
1713376620000,209715200,100000000,12000000,200000000,209715200,134217728,67108864,2000000000,350000000,5200000000,268435456
1713376680000,209715200,100000000,12000000,200000000,209715200,134217728,67108864,2000000000,350000000,5200000000,268435456
1713376740000,209715200,100000000,12000000,200000000,209715200,134217728,67108864,2000000000,350000000,5200000000,268435456
1713376800000,209715200,100000000,12000000,200000000,209715200,134217728,67108864,2000000000,350000000,5200000000,268435456
1713376860000,209715200,100000000,12000000,200000000,209715200,134217728,67108864,2000000000,350000000,5200000000,268435456
1713376920000,209715200,100000000,12000000,200000000,209715200,134217728,67108864,2000000000,350000000,5200000000,268435456
1713376980000,209715200,100000000,12000000,200000000,209715200,134217728,67108864,2000000000,350000000,5200000000,268435456
1713377040000,209715200,100000000,12000000,200000000,209715200,134217728,67108864,2000000000,350000000,5200000000,268435456
1713377100000,209715200,100000000,12000000,200000000,209715200,134217728,67108864,2000000000,350000000,5200000000,268435456
1713377160000,209715200,100000000,12000000,200000000,209715200,134217728,67108864,2000000000,350000000,5200000000,268435456
1713377220000,209715200,100000000,12000000,200000000,209715200,134217728,67108864,2000000000,350000000,5200000000,268435456
1713377280000,209715200,100000000,12000000,200000000,209715200,134217728,67108864,2000000000,350000000,7800000000,268435456
1713377340000,209715200,100000000,12000000,200000000,209715200,134217728,67108864,2000000000,350000000,13000000000,268435456
1713377400000,209715200,100000000,12000000,200000000,209715200,134217728,67108864,2000000000,350000000,13000000000,268435456
1713377460000,209715200,100000000,12000000,200000000,209715200,134217728,67108864,2000000000,350000000,13000000000,268435456
1713377520000,209715200,100000000,12000000,200000000,209715200,134217728,67108864,2000000000,350000000,13000000000,268435456
1713377580000,209715200,100000000,12000000,200000000,209715200,134217728,67108864,2000000000,350000000,13000000000,268435456
1713377640000,209715200,100000000,12000000,200000000,209715200,134217728,67108864,2000000000,350000000,13000000000,268435456
1713377700000,209715200,100000000,12000000,200000000,209715200,134217728,67108864,2000000000,350000000,15600000000,268435456
1713377760000,209715200,100000000,12000000,200000000,209715200,134217728,67108864,2000000000,350000000,20800000000,268435456
1713377820000,209715200,100000000,12000000,200000000,209715200,134217728,67108864,2000000000,350000000,20800000000,268435456
1713377880000,209715200,100000000,12000000,200000000,209715200,134217728,67108864,2000000000,350000000,20800000000,268435456
1713377940000,209715200,100000000,12000000,200000000,209715200,134217728,67108864,2000000000,350000000,20800000000,268435456
1713378000000,209715200,100000000,12000000,200000000,209715200,134217728,67108864,2000000000,350000000,20800000000,268435456
1713378060000,209715200,100000000,12000000,200000000,209715200,134217728,67108864,2000000000,350000000,7800000000,268435456
1713378120000,209715200,100000000,12000000,200000000,209715200,134217728,67108864,2000000000,350000000,7800000000,268435456
1713378180000,209715200,100000000,12000000,200000000,209715200,134217728,67108864,2000000000,350000000,7800000000,268435456
1713378240000,209715200,100000000,12000000,200000000,209715200,134217728,67108864,2000000000,350000000,7800000000,268435456
1713378300000,209715200,100000000,12000000,200000000,209715200,134217728,67108864,2000000000,350000000,7800000000,268435456
1713378360000,209715200,100000000,12000000,200000000,209715200,134217728,67108864,2000000000,350000000,7800000000,268435456
1713378420000,209715200,100000000,12000000,200000000,209715200,134217728,67108864,2000000000,350000000,7800000000,268435456
1713378480000,209715200,100000000,12000000,200000000,209715200,134217728,67108864,2000000000,350000000,7800000000,268435456
1713378540000,209715200,100000000,12000000,200000000,209715200,134217728,67108864,2000000000,350000000,7800000000,268435456
1713378600000,209715200,100000000,12000000,200000000,209715200,134217728,67108864,2000000000,350000000,5200000000,268435456
1713378660000,209715200,100000000,12000000,200000000,209715200,134217728,67108864,2000000000,350000000,5200000000,268435456
1713378720000,209715200,100000000,12000000,200000000,209715200,134217728,67108864,2000000000,350000000,5200000000,268435456
1713378780000,209715200,100000000,12000000,200000000,209715200,134217728,67108864,2000000000,350000000,7800000000,268435456
1713378840000,209715200,100000000,12000000,200000000,209715200,134217728,67108864,2000000000,350000000,7800000000,268435456
1713378900000,209715200,100000000,12000000,200000000,209715200,134217728,67108864,2000000000,350000000,7800000000,268435456
1713378960000,209715200,100000000,12000000,200000000,209715200,134217728,67108864,2000000000,350000000,7800000000,268435456
1713379020000,209715200,100000000,12000000,200000000,209715200,134217728,67108864,2000000000,350000000,7800000000,268435456
1713379080000,209715200,100000000,12000000,200000000,209715200,134217728,67108864,2000000000,350000000,7800000000,268435456
1713379140000,209715200,100000000,12000000,200000000,209715200,134217728,67108864,2000000000,350000000,5200000000,268435456
1713379200000,209715200,100000000,12000000,200000000,209715200,134217728,67108864,2000000000,350000000,5200000000,268435456
1713379260000,209715200,100000000,12000000,200000000,209715200,134217728,67108864,2000000000,350000000,5200000000,268435456
1713379320000,209715200,100000000,12000000,200000000,209715200,134217728,67108864,2000000000,350000000,5200000000,268435456
1713379380000,209715200,100000000,12000000,200000000,209715200,134217728,67108864,2000000000,350000000,5200000000,268435456
1713379440000,209715200,100000000,12000000,200000000,209715200,134217728,67108864,2000000000,350000000,5200000000,268435456
1713379500000,209715200,100000000,12000000,200000000,209715200,134217728,67108864,2000000000,350000000,7800000000,268435456
1713379560000,209715200,100000000,12000000,200000000,209715200,134217728,67108864,2000000000,350000000,7800000000,268435456
1713379620000,209715200,100000000,12000000,200000000,209715200,134217728,67108864,2000000000,350000000,7800000000,268435456
1713379680000,209715200,100000000,12000000,200000000,209715200,134217728,67108864,2000000000,350000000,7800000000,268435456
1713379740000,209715200,100000000,12000000,200000000,209715200,134217728,67108864,2000000000,350000000,7800000000,268435456
1713379800000,209715200,100000000,12000000,200000000,209715200,134217728,67108864,2000000000,350000000,7800000000,268435456
1713379860000,209715200,100000000,12000000,200000000,209715200,134217728,67108864,2000000000,350000000,5200000000,268435456
1713379920000,209715200,100000000,12000000,200000000,209715200,134217728,67108864,2000000000,350000000,5200000000,268435456
1713379980000,209715200,100000000,12000000,200000000,209715200,134217728,67108864,2000000000,350000000,5200000000,268435456
1713380040000,209715200,100000000,12000000,200000000,209715200,134217728,67108864,2000000000,350000000,5200000000,268435456
1713380100000,209715200,100000000,12000000,200000000,209715200,134217728,67108864,2000000000,350000000,5200000000,268435456
1713380160000,209715200,100000000,12000000,200000000,209715200,134217728,67108864,2000000000,350000000,5200000000,268435456
1713380220000,209715200,100000000,12000000,200000000,209715200,134217728,67108864,2000000000,350000000,5200000000,268435456
1713380280000,209715200,100000000,12000000,200000000,209715200,134217728,67108864,2000000000,350000000,5200000000,268435456
1713380340000,209715200,100000000,12000000,200000000,209715200,134217728,67108864,2000000000,350000000,5200000000,268435456
1713380400000,209715200,100000000,12000000,200000000,209715200,134217728,67108864,2000000000,350000000,5200000000,268435456
1713380460000,209715200,100000000,12000000,200000000,209715200,134217728,67108864,2000000000,350000000,5200000000,268435456
1713380520000,209715200,100000000,12000000,200000000,209715200,134217728,67108864,2000000000,350000000,5200000000,268435456
1713380580000,209715200,100000000,12000000,200000000,209715200,134217728,67108864,2000000000,350000000,5200000000,268435456
1713380640000,209715200,100000000,12000000,200000000,209715200,134217728,67108864,2000000000,350000000,5200000000,268435456
1713380700000,209715200,100000000,12000000,200000000,209715200,134217728,67108864,2000000000,350000000,5200000000,268435456
1713380760000,209715200,100000000,12000000,200000000,209715200,134217728,67108864,2000000000,350000000,5200000000,268435456
1713380820000,209715200,100000000,12000000,200000000,209715200,134217728,67108864,2000000000,350000000,5200000000,268435456
1713380880000,209715200,100000000,12000000,200000000,209715200,134217728,67108864,2000000000,350000000,5200000000,268435456
1713380940000,209715200,100000000,12000000,200000000,209715200,134217728,67108864,2000000000,350000000,5200000000,268435456
1713381000000,209715200,100000000,12000000,200000000,209715200,134217728,67108864,2000000000,350000000,5200000000,268435456
1713381060000,209715200,100000000,12000000,200000000,209715200,134217728,67108864,2000000000,350000000,5200000000,268435456
1713381120000,209715200,100000000,12000000,200000000,209715200,134217728,67108864,2000000000,350000000,5200000000,268435456
1713381180000,209715200,100000000,12000000,200000000,209715200,134217728,67108864,2000000000,350000000,5200000000,268435456
1713381240000,209715200,100000000,12000000,200000000,209715200,134217728,67108864,2000000000,350000000,5200000000,268435456
1713381300000,209715200,100000000,12000000,200000000,209715200,134217728,67108864,2000000000,350000000,5200000000,268435456
1713381360000,209715200,100000000,12000000,200000000,209715200,134217728,67108864,2000000000,350000000,5200000000,268435456
1713381420000,209715200,100000000,12000000,200000000,209715200,134217728,67108864,2000000000,350000000,5200000000,268435456
1713381480000,209715200,100000000,12000000,200000000,209715200,134217728,67108864,2000000000,350000000,5200000000,268435456
1713381540000,209715200,100000000,12000000,200000000,209715200,134217728,67108864,2000000000,350000000,5200000000,268435456
1713381600000,209715200,100000000,12000000,200000000,209715200,134217728,67108864,2000000000,350000000,5200000000,268435456
1713381660000,209715200,100000000,12000000,200000000,209715200,134217728,67108864,2000000000,350000000,5200000000,268435456
1713381720000,209715200,100000000,12000000,200000000,209715200,134217728,67108864,2000000000,350000000,5200000000,268435456
1713381780000,209715200,100000000,12000000,200000000,209715200,134217728,67108864,2000000000,350000000,5200000000,268435456
1713381840000,209715200,100000000,12000000,200000000,209715200,134217728,67108864,2000000000,350000000,5200000000,268435456
1713381900000,209715200,100000000,12000000,200000000,209715200,134217728,67108864,2000000000,350000000,5200000000,268435456
1713381960000,209715200,100000000,12000000,200000000,209715200,134217728,67108864,2000000000,350000000,5200000000,268435456
1713382020000,209715200,100000000,12000000,200000000,209715200,134217728,67108864,2000000000,350000000,5200000000,268435456
1713382080000,209715200,100000000,12000000,200000000,209715200,134217728,67108864,2000000000,350000000,5200000000,268435456
1713382140000,209715200,100000000,12000000,200000000,209715200,134217728,67108864,2000000000,350000000,5200000000,268435456
1713382200000,209715200,100000000,12000000,200000000,209715200,134217728,67108864,2000000000,350000000,5200000000,268435456
1713382260000,209715200,100000000,12000000,200000000,209715200,134217728,67108864,4000000000,350000000,5200000000,268435456
1713382320000,209715200,100000000,12000000,200000000,209715200,134217728,67108864,4000000000,350000000,5200000000,268435456
1713382380000,209715200,100000000,12000000,200000000,209715200,134217728,67108864,4000000000,350000000,5200000000,268435456
1713382440000,209715200,100000000,12000000,200000000,209715200,134217728,67108864,4000000000,350000000,5200000000,268435456
1713382500000,209715200,100000000,12000000,200000000,209715200,134217728,67108864,4000000000,350000000,5200000000,268435456
1713382560000,209715200,100000000,12000000,200000000,209715200,134217728,67108864,2000000000,350000000,13000000000,268435456
1713382620000,209715200,100000000,12000000,200000000,209715200,134217728,67108864,2000000000,350000000,13000000000,268435456
1713382680000,209715200,100000000,12000000,200000000,209715200,134217728,67108864,2000000000,350000000,23400000000,268435456
1713382740000,209715200,100000000,12000000,200000000,209715200,134217728,67108864,2000000000,350000000,26000000000,268435456
1713382800000,209715200,100000000,12000000,200000000,209715200,134217728,67108864,2000000000,350000000,26000000000,268435456
1713382860000,209715200,100000000,12000000,200000000,209715200,134217728,67108864,2000000000,350000000,26000000000,268435456
1713382920000,209715200,100000000,12000000,200000000,209715200,134217728,67108864,2000000000,350000000,26000000000,268435456
1713382980000,209715200,100000000,12000000,200000000,209715200,134217728,67108864,2000000000,350000000,26000000000,268435456
1713383040000,209715200,100000000,12000000,200000000,209715200,134217728,67108864,2000000000,350000000,26000000000,268435456
1713383100000,209715200,100000000,12000000,200000000,209715200,134217728,67108864,2000000000,350000000,26000000000,268435456
1713383160000,209715200,100000000,12000000,200000000,209715200,134217728,67108864,2000000000,350000000,26000000000,268435456
1713383220000,209715200,100000000,12000000,200000000,209715200,134217728,67108864,2000000000,350000000,26000000000,268435456
1713383280000,209715200,100000000,12000000,200000000,209715200,134217728,67108864,2000000000,350000000,26000000000,268435456
1713383340000,209715200,100000000,12000000,200000000,209715200,134217728,67108864,2000000000,350000000,26000000000,268435456
1713383400000,209715200,100000000,12000000,200000000,209715200,134217728,67108864,2000000000,350000000,18200000000,268435456
1713383460000,209715200,100000000,12000000,200000000,209715200,134217728,67108864,4000000000,350000000,18200000000,268435456
1713383520000,209715200,100000000,12000000,200000000,209715200,134217728,67108864,4000000000,350000000,18200000000,268435456
1713383580000,209715200,100000000,12000000,200000000,209715200,134217728,67108864,4000000000,350000000,23400000000,268435456
1713383640000,209715200,100000000,12000000,200000000,209715200,134217728,67108864,4000000000,350000000,23400000000,268435456
1713383700000,209715200,100000000,12000000,200000000,209715200,134217728,67108864,4000000000,350000000,23400000000,268435456
1713383760000,209715200,100000000,12000000,200000000,209715200,134217728,67108864,4000000000,350000000,23400000000,268435456
1713383820000,209715200,100000000,12000000,200000000,209715200,134217728,67108864,4000000000,350000000,23400000000,268435456
1713383880000,209715200,100000000,12000000,200000000,209715200,134217728,67108864,4000000000,350000000,23400000000,268435456
1713383940000,209715200,100000000,12000000,200000000,209715200,134217728,67108864,4000000000,350000000,18200000000,268435456
1713384000000,209715200,100000000,12000000,200000000,209715200,134217728,67108864,2000000000,350000000,18200000000,268435456
1713384060000,209715200,100000000,12000000,200000000,209715200,134217728,67108864,2000000000,350000000,18200000000,268435456
1713384120000,209715200,100000000,12000000,200000000,209715200,134217728,67108864,2000000000,350000000,18200000000,268435456
1713384180000,209715200,100000000,12000000,200000000,209715200,134217728,67108864,2000000000,350000000,13000000000,268435456
1713384240000,209715200,100000000,12000000,200000000,209715200,134217728,67108864,2000000000,350000000,23400000000,268435456
1713384300000,209715200,100000000,12000000,200000000,209715200,134217728,67108864,2000000000,350000000,23400000000,268435456
1713384360000,209715200,100000000,12000000,200000000,209715200,134217728,67108864,2000000000,350000000,23400000000,268435456
1713384420000,209715200,100000000,12000000,200000000,209715200,134217728,67108864,2000000000,350000000,23400000000,268435456
1713384480000,209715200,100000000,12000000,200000000,209715200,134217728,67108864,2000000000,350000000,23400000000,268435456
1713384540000,209715200,100000000,12000000,200000000,209715200,134217728,67108864,2000000000,350000000,23400000000,268435456
1713384600000,209715200,100000000,12000000,200000000,209715200,134217728,67108864,2000000000,350000000,23400000000,268435456
1713384660000,209715200,100000000,12000000,200000000,209715200,134217728,67108864,4000000000,350000000,13000000000,268435456
1713384720000,209715200,100000000,12000000,200000000,209715200,134217728,67108864,4000000000,350000000,13000000000,268435456
1713384780000,209715200,100000000,12000000,200000000,209715200,134217728,67108864,4000000000,350000000,13000000000,268435456
1713384840000,209715200,100000000,12000000,200000000,209715200,134217728,67108864,4000000000,350000000,10400000000,268435456
1713384900000,209715200,100000000,12000000,200000000,209715200,134217728,67108864,4000000000,350000000,18200000000,268435456
1713384960000,209715200,100000000,12000000,200000000,209715200,134217728,67108864,4000000000,350000000,18200000000,268435456
1713385020000,209715200,100000000,12000000,200000000,209715200,134217728,67108864,4000000000,350000000,18200000000,268435456
1713385080000,209715200,100000000,12000000,200000000,209715200,134217728,67108864,2000000000,350000000,18200000000,268435456
1713385140000,209715200,100000000,12000000,200000000,209715200,134217728,67108864,2000000000,350000000,26000000000,268435456
1713385200000,209715200,100000000,12000000,200000000,209715200,134217728,67108864,2000000000,350000000,26000000000,268435456
1713385260000,209715200,100000000,12000000,200000000,209715200,134217728,67108864,2000000000,350000000,26000000000,268435456
1713385320000,209715200,100000000,12000000,200000000,209715200,134217728,67108864,2000000000,350000000,26000000000,268435456
1713385380000,209715200,100000000,12000000,200000000,209715200,134217728,67108864,2000000000,350000000,26000000000,268435456
1713385440000,209715200,100000000,12000000,200000000,209715200,134217728,67108864,2000000000,350000000,26000000000,268435456
1713385500000,209715200,100000000,12000000,200000000,209715200,134217728,67108864,2000000000,350000000,10400000000,268435456
1713385560000,209715200,100000000,12000000,200000000,209715200,134217728,67108864,2000000000,350000000,10400000000,268435456
1713385620000,209715200,100000000,12000000,200000000,209715200,134217728,67108864,2000000000,350000000,10400000000,268435456
1713385680000,209715200,100000000,12000000,200000000,209715200,134217728,67108864,2000000000,350000000,10400000000,268435456
1713385740000,209715200,100000000,12000000,200000000,209715200,134217728,67108864,2000000000,350000000,10400000000,268435456
1713385800000,209715200,100000000,12000000,200000000,209715200,134217728,67108864,2000000000,350000000,5200000000,268435456
1713385860000,209715200,100000000,12000000,200000000,209715200,134217728,67108864,4000000000,350000000,5200000000,268435456
1713385920000,209715200,100000000,12000000,200000000,209715200,134217728,67108864,4000000000,350000000,5200000000,268435456
1713385980000,209715200,100000000,12000000,200000000,209715200,134217728,67108864,4000000000,350000000,5200000000,268435456
1713386040000,209715200,100000000,12000000,200000000,209715200,134217728,67108864,4000000000,350000000,7800000000,268435456
1713386100000,209715200,100000000,12000000,200000000,209715200,134217728,67108864,4000000000,350000000,7800000000,268435456
1713386160000,209715200,100000000,12000000,200000000,209715200,134217728,67108864,4000000000,350000000,7800000000,268435456
1713386220000,209715200,100000000,12000000,200000000,209715200,134217728,67108864,4000000000,350000000,7800000000,268435456
1713386280000,209715200,100000000,12000000,200000000,209715200,134217728,67108864,4000000000,350000000,7800000000,268435456
1713386340000,209715200,100000000,12000000,200000000,209715200,134217728,67108864,4000000000,350000000,7800000000,268435456
1713386400000,209715200,100000000,12000000,200000000,209715200,134217728,67108864,4000000000,350000000,7800000000,268435456
1713386460000,209715200,100000000,12000000,200000000,209715200,134217728,67108864,4000000000,350000000,7800000000,268435456
1713386520000,209715200,100000000,12000000,200000000,209715200,134217728,67108864,4000000000,350000000,7800000000,268435456
1713386580000,209715200,100000000,12000000,200000000,209715200,134217728,67108864,4000000000,350000000,7800000000,268435456
1713386640000,209715200,100000000,12000000,200000000,209715200,134217728,67108864,4000000000,350000000,7800000000,268435456
1713386700000,209715200,100000000,12000000,200000000,209715200,134217728,67108864,4000000000,350000000,7800000000,268435456
1713386760000,209715200,100000000,12000000,200000000,209715200,134217728,67108864,4000000000,350000000,7800000000,268435456
1713386820000,209715200,100000000,12000000,200000000,209715200,134217728,67108864,4000000000,350000000,7800000000,268435456
1713386880000,209715200,100000000,12000000,200000000,209715200,134217728,67108864,4000000000,350000000,10400000000,268435456
1713386940000,209715200,100000000,12000000,200000000,209715200,134217728,67108864,4000000000,350000000,10400000000,268435456
1713387000000,209715200,100000000,12000000,200000000,209715200,134217728,67108864,4000000000,350000000,10400000000,268435456
1713387060000,209715200,100000000,12000000,200000000,209715200,134217728,67108864,4000000000,350000000,10400000000,268435456
1713387120000,209715200,100000000,12000000,200000000,209715200,134217728,67108864,4000000000,350000000,10400000000,268435456
1713387180000,209715200,100000000,12000000,200000000,209715200,134217728,67108864,4000000000,350000000,7800000000,268435456
1713387240000,209715200,100000000,12000000,200000000,209715200,134217728,67108864,4000000000,350000000,7800000000,268435456
1713387300000,209715200,100000000,12000000,200000000,209715200,134217728,67108864,2000000000,350000000,7800000000,268435456
1713387360000,209715200,100000000,12000000,200000000,209715200,134217728,67108864,2000000000,350000000,7800000000,268435456
1713387420000,209715200,100000000,12000000,200000000,209715200,134217728,67108864,2000000000,350000000,7800000000,268435456
1713387480000,209715200,100000000,12000000,200000000,209715200,134217728,67108864,2000000000,350000000,7800000000,268435456
1713387540000,209715200,100000000,12000000,200000000,209715200,134217728,67108864,2000000000,350000000,7800000000,268435456
1713387600000,209715200,100000000,12000000,200000000,209715200,134217728,67108864,2000000000,350000000,5200000000,268435456
1713387660000,209715200,100000000,12000000,200000000,209715200,134217728,67108864,4000000000,350000000,5200000000,268435456
1713387720000,209715200,100000000,12000000,200000000,209715200,134217728,67108864,4000000000,350000000,5200000000,268435456
1713387780000,209715200,100000000,12000000,200000000,209715200,134217728,67108864,4000000000,350000000,5200000000,268435456
1713387840000,209715200,100000000,12000000,200000000,209715200,134217728,67108864,4000000000,350000000,5200000000,268435456
1713387900000,209715200,100000000,12000000,200000000,209715200,134217728,67108864,4000000000,350000000,5200000000,268435456
1713387960000,209715200,100000000,12000000,200000000,209715200,134217728,67108864,4000000000,350000000,5200000000,268435456
1713388020000,209715200,100000000,12000000,200000000,209715200,134217728,67108864,4000000000,350000000,5200000000,268435456
1713388080000,209715200,100000000,12000000,200000000,209715200,134217728,67108864,2000000000,350000000,5200000000,268435456
1713388140000,209715200,100000000,12000000,200000000,209715200,134217728,67108864,2000000000,350000000,5200000000,268435456
1713388200000,209715200,100000000,12000000,200000000,209715200,134217728,67108864,2000000000,350000000,5200000000,268435456
1713388260000,209715200,100000000,12000000,200000000,209715200,134217728,67108864,2000000000,350000000,13000000000,268435456
1713388320000,209715200,100000000,12000000,200000000,209715200,134217728,67108864,2000000000,350000000,13000000000,268435456
1713388380000,209715200,100000000,12000000,200000000,209715200,134217728,67108864,2000000000,350000000,26000000000,268435456
1713388440000,209715200,100000000,12000000,200000000,209715200,134217728,67108864,2000000000,350000000,26000000000,268435456
1713388500000,209715200,100000000,12000000,200000000,209715200,134217728,67108864,2000000000,350000000,26000000000,268435456
1713388560000,209715200,100000000,12000000,200000000,209715200,134217728,67108864,2000000000,350000000,26000000000,268435456
1713388620000,209715200,100000000,12000000,200000000,209715200,134217728,67108864,2000000000,350000000,26000000000,268435456
1713388680000,209715200,100000000,12000000,200000000,209715200,134217728,67108864,2000000000,350000000,26000000000,268435456
1713388740000,209715200,100000000,12000000,200000000,209715200,134217728,67108864,2000000000,350000000,26000000000,268435456
1713388800000,209715200,100000000,12000000,200000000,209715200,134217728,67108864,2000000000,350000000,26000000000,268435456
1713388860000,209715200,100000000,12000000,200000000,209715200,134217728,67108864,2000000000,350000000,26000000000,268435456
1713388920000,209715200,100000000,12000000,200000000,209715200,134217728,67108864,2000000000,350000000,26000000000,268435456
1713388980000,209715200,100000000,12000000,200000000,209715200,134217728,67108864,2000000000,350000000,26000000000,268435456
1713389040000,209715200,100000000,12000000,200000000,209715200,134217728,67108864,2000000000,350000000,26000000000,268435456
1713389100000,209715200,100000000,12000000,200000000,209715200,134217728,67108864,2000000000,350000000,26000000000,268435456
1713389160000,209715200,100000000,12000000,200000000,209715200,134217728,67108864,2000000000,350000000,26000000000,268435456
1713389220000,209715200,100000000,12000000,200000000,209715200,134217728,67108864,2000000000,350000000,23400000000,268435456
1713389280000,209715200,100000000,12000000,200000000,209715200,134217728,67108864,2000000000,350000000,26000000000,268435456
1713389340000,209715200,100000000,12000000,200000000,209715200,134217728,67108864,4000000000,350000000,26000000000,268435456
1713389400000,209715200,100000000,12000000,200000000,209715200,134217728,67108864,4000000000,350000000,26000000000,268435456
1713389460000,209715200,100000000,12000000,200000000,209715200,134217728,67108864,4000000000,350000000,26000000000,268435456
1713389520000,209715200,100000000,12000000,200000000,209715200,134217728,67108864,4000000000,350000000,26000000000,268435456
1713389580000,209715200,100000000,12000000,200000000,209715200,134217728,67108864,4000000000,350000000,23400000000,268435456
1713389640000,209715200,100000000,12000000,200000000,209715200,134217728,67108864,2000000000,350000000,23400000000,268435456
1713389700000,209715200,100000000,12000000,200000000,209715200,134217728,67108864,2000000000,350000000,23400000000,268435456
1713389760000,209715200,100000000,12000000,200000000,209715200,134217728,67108864,2000000000,350000000,23400000000,268435456
1713389820000,209715200,100000000,12000000,200000000,209715200,134217728,67108864,2000000000,350000000,18200000000,268435456
1713389880000,209715200,100000000,12000000,200000000,209715200,134217728,67108864,2000000000,350000000,18200000000,268435456
1713389940000,209715200,100000000,12000000,200000000,209715200,134217728,67108864,2000000000,350000000,26000000000,268435456
1713390000000,209715200,100000000,12000000,200000000,209715200,134217728,67108864,2000000000,350000000,26000000000,268435456
1713390060000,209715200,100000000,12000000,200000000,209715200,134217728,67108864,2000000000,350000000,26000000000,268435456
1713390120000,209715200,100000000,12000000,200000000,209715200,134217728,67108864,2000000000,350000000,26000000000,268435456
1713390180000,209715200,100000000,12000000,200000000,209715200,134217728,67108864,2000000000,350000000,26000000000,268435456
1713390240000,209715200,100000000,12000000,200000000,209715200,134217728,67108864,2000000000,350000000,26000000000,268435456
1713390300000,209715200,100000000,12000000,200000000,209715200,134217728,67108864,2000000000,350000000,26000000000,268435456
1713390360000,209715200,100000000,12000000,200000000,209715200,134217728,67108864,2000000000,350000000,20800000000,268435456
1713390420000,209715200,100000000,12000000,200000000,209715200,134217728,67108864,2000000000,350000000,20800000000,268435456
1713390480000,209715200,100000000,12000000,200000000,209715200,134217728,67108864,2000000000,350000000,18200000000,268435456
1713390540000,209715200,100000000,12000000,200000000,209715200,134217728,67108864,2000000000,350000000,20800000000,268435456
1713390600000,209715200,100000000,12000000,200000000,209715200,134217728,67108864,2000000000,350000000,20800000000,268435456
1713390660000,209715200,100000000,12000000,200000000,209715200,134217728,67108864,4000000000,350000000,20800000000,268435456
1713390720000,209715200,100000000,12000000,200000000,209715200,134217728,67108864,4000000000,350000000,20800000000,268435456
1713390780000,209715200,100000000,12000000,200000000,209715200,134217728,67108864,4000000000,350000000,20800000000,268435456
1713390840000,209715200,100000000,12000000,200000000,209715200,134217728,67108864,4000000000,350000000,20800000000,268435456
1713390900000,209715200,100000000,12000000,200000000,209715200,134217728,67108864,4000000000,350000000,26000000000,268435456
1713390960000,209715200,100000000,12000000,200000000,209715200,134217728,67108864,4000000000,350000000,26000000000,268435456
1713391020000,209715200,100000000,12000000,200000000,209715200,134217728,67108864,4000000000,350000000,26000000000,268435456
1713391080000,209715200,100000000,12000000,200000000,209715200,134217728,67108864,4000000000,350000000,26000000000,268435456
1713391140000,209715200,100000000,12000000,200000000,209715200,134217728,67108864,4000000000,350000000,26000000000,268435456
1713391200000,209715200,100000000,12000000,200000000,209715200,134217728,67108864,4000000000,350000000,26000000000,268435456
1713391260000,209715200,100000000,12000000,200000000,209715200,134217728,67108864,4000000000,350000000,20800000000,268435456
1713391320000,209715200,100000000,12000000,200000000,209715200,134217728,67108864,4000000000,350000000,18200000000,268435456
1713391380000,209715200,100000000,12000000,200000000,209715200,134217728,67108864,4000000000,350000000,18200000000,268435456
1713391440000,209715200,100000000,12000000,200000000,209715200,134217728,67108864,4000000000,350000000,15600000000,268435456
1713391500000,209715200,100000000,12000000,200000000,209715200,134217728,67108864,4000000000,350000000,15600000000,268435456
1713391560000,209715200,100000000,12000000,200000000,209715200,134217728,67108864,2000000000,350000000,5200000000,268435456
1713391620000,209715200,100000000,12000000,200000000,209715200,134217728,67108864,2000000000,350000000,5200000000,268435456
1713391680000,209715200,100000000,12000000,200000000,209715200,134217728,67108864,2000000000,350000000,5200000000,268435456
1713391740000,209715200,100000000,12000000,200000000,209715200,134217728,67108864,2000000000,350000000,5200000000,268435456
1713391800000,209715200,100000000,12000000,200000000,209715200,134217728,67108864,2000000000,350000000,7800000000,268435456
1713391860000,209715200,100000000,12000000,200000000,209715200,134217728,67108864,2000000000,350000000,7800000000,268435456
1713391920000,209715200,100000000,12000000,200000000,209715200,134217728,67108864,2000000000,350000000,7800000000,268435456
1713391980000,209715200,100000000,12000000,200000000,209715200,134217728,67108864,2000000000,350000000,7800000000,268435456
1713392040000,209715200,100000000,12000000,200000000,209715200,134217728,67108864,2000000000,350000000,7800000000,268435456
1713392100000,209715200,100000000,12000000,200000000,209715200,134217728,67108864,2000000000,350000000,7800000000,268435456
1713392160000,209715200,100000000,12000000,200000000,209715200,134217728,67108864,2000000000,350000000,7800000000,268435456
1713392220000,209715200,100000000,12000000,200000000,209715200,134217728,67108864,2000000000,350000000,7800000000,268435456
1713392280000,209715200,100000000,12000000,200000000,209715200,134217728,67108864,2000000000,350000000,7800000000,268435456
1713392340000,209715200,100000000,12000000,200000000,209715200,134217728,67108864,2000000000,350000000,7800000000,268435456
1713392400000,209715200,100000000,12000000,200000000,209715200,134217728,67108864,2000000000,350000000,7800000000,268435456
1713392460000,209715200,100000000,12000000,200000000,209715200,134217728,67108864,2000000000,350000000,7800000000,268435456
1713392520000,209715200,100000000,12000000,200000000,209715200,134217728,67108864,2000000000,350000000,7800000000,268435456
1713392580000,209715200,100000000,12000000,200000000,209715200,134217728,67108864,2000000000,350000000,7800000000,268435456
1713392640000,209715200,100000000,12000000,200000000,209715200,134217728,67108864,2000000000,350000000,7800000000,268435456
1713392700000,209715200,100000000,12000000,200000000,209715200,134217728,67108864,2000000000,350000000,7800000000,268435456
1713392760000,209715200,100000000,12000000,200000000,209715200,134217728,67108864,2000000000,350000000,7800000000,268435456
1713392820000,209715200,100000000,12000000,200000000,209715200,134217728,67108864,2000000000,350000000,7800000000,268435456
1713392880000,209715200,100000000,12000000,200000000,209715200,134217728,67108864,2000000000,350000000,7800000000,268435456
1713392940000,209715200,100000000,12000000,200000000,209715200,134217728,67108864,2000000000,350000000,7800000000,268435456
1713393000000,209715200,100000000,12000000,200000000,209715200,134217728,67108864,2000000000,350000000,7800000000,268435456
1713393060000,209715200,100000000,12000000,200000000,209715200,134217728,67108864,2000000000,350000000,7800000000,268435456
1713393120000,209715200,100000000,12000000,200000000,209715200,134217728,67108864,2000000000,350000000,7800000000,268435456
1713393180000,209715200,100000000,12000000,200000000,209715200,134217728,67108864,2000000000,350000000,7800000000,268435456
1713393240000,209715200,100000000,12000000,200000000,209715200,134217728,67108864,2000000000,350000000,7800000000,268435456
1713393300000,209715200,100000000,12000000,200000000,209715200,134217728,67108864,2000000000,350000000,7800000000,268435456
1713393360000,209715200,100000000,12000000,200000000,209715200,134217728,67108864,2000000000,350000000,7800000000,268435456
1713393420000,209715200,100000000,12000000,200000000,209715200,134217728,67108864,2000000000,350000000,7800000000,268435456
1713393480000,209715200,100000000,12000000,200000000,209715200,134217728,67108864,2000000000,350000000,5200000000,268435456
1713393540000,209715200,100000000,12000000,200000000,209715200,134217728,67108864,2000000000,350000000,5200000000,268435456
1713393600000,209715200,100000000,12000000,200000000,209715200,134217728,67108864,2000000000,350000000,5200000000,268435456
1713393660000,209715200,100000000,12000000,200000000,209715200,134217728,67108864,2000000000,350000000,5200000000,268435456
1713393720000,209715200,100000000,12000000,200000000,209715200,134217728,67108864,2000000000,350000000,5200000000,268435456
1713393780000,209715200,100000000,12000000,200000000,209715200,134217728,67108864,4000000000,350000000,5200000000,268435456
1713393840000,209715200,100000000,12000000,200000000,209715200,134217728,67108864,4000000000,350000000,5200000000,268435456
1713393900000,209715200,100000000,12000000,200000000,209715200,134217728,67108864,4000000000,350000000,5200000000,268435456
1713393960000,209715200,100000000,12000000,200000000,209715200,134217728,67108864,4000000000,350000000,5200000000,268435456
1713394020000,209715200,100000000,12000000,200000000,209715200,134217728,67108864,4000000000,350000000,5200000000,268435456
1713394080000,209715200,100000000,12000000,200000000,209715200,134217728,67108864,4000000000,350000000,5200000000,268435456
1713394140000,209715200,100000000,12000000,200000000,209715200,134217728,67108864,4000000000,350000000,5200000000,268435456
1713394200000,209715200,100000000,12000000,200000000,209715200,134217728,67108864,2000000000,350000000,10400000000,268435456
1713394260000,209715200,100000000,12000000,200000000,209715200,134217728,67108864,2000000000,350000000,10400000000,268435456
1713394320000,209715200,100000000,12000000,200000000,209715200,134217728,67108864,2000000000,350000000,20800000000,268435456
1713394380000,209715200,100000000,12000000,200000000,209715200,134217728,67108864,4000000000,350000000,20800000000,268435456
1713394440000,209715200,100000000,12000000,200000000,209715200,134217728,67108864,4000000000,350000000,20800000000,268435456
1713394500000,209715200,100000000,12000000,200000000,209715200,134217728,67108864,4000000000,350000000,20800000000,268435456
1713394560000,209715200,100000000,12000000,200000000,209715200,134217728,67108864,4000000000,350000000,20800000000,268435456
1713394620000,209715200,100000000,12000000,200000000,209715200,134217728,67108864,4000000000,350000000,20800000000,268435456
1713394680000,209715200,100000000,12000000,200000000,209715200,134217728,67108864,4000000000,350000000,26000000000,268435456
1713394740000,209715200,100000000,12000000,200000000,209715200,134217728,67108864,4000000000,350000000,26000000000,268435456
1713394800000,209715200,100000000,12000000,200000000,209715200,134217728,67108864,4000000000,350000000,26000000000,268435456
1713394860000,209715200,100000000,12000000,200000000,209715200,134217728,67108864,4000000000,350000000,26000000000,268435456
1713394920000,209715200,100000000,12000000,200000000,209715200,134217728,67108864,4000000000,350000000,26000000000,268435456
1713394980000,209715200,100000000,12000000,200000000,209715200,134217728,67108864,4000000000,350000000,26000000000,268435456
1713395040000,209715200,100000000,12000000,200000000,209715200,134217728,67108864,4000000000,350000000,10400000000,268435456
1713395100000,209715200,100000000,12000000,200000000,209715200,134217728,67108864,4000000000,350000000,10400000000,268435456
1713395160000,209715200,100000000,12000000,200000000,209715200,134217728,67108864,2000000000,350000000,10400000000,268435456
1713395220000,209715200,100000000,12000000,200000000,209715200,134217728,67108864,2000000000,350000000,10400000000,268435456
1713395280000,209715200,100000000,12000000,200000000,209715200,134217728,67108864,2000000000,350000000,10400000000,268435456
1713395340000,209715200,100000000,12000000,200000000,209715200,134217728,67108864,2000000000,350000000,10400000000,268435456
1713395400000,209715200,100000000,12000000,200000000,209715200,134217728,67108864,2000000000,350000000,10400000000,268435456
1713395460000,209715200,100000000,12000000,200000000,209715200,134217728,67108864,2000000000,350000000,10400000000,268435456
1713395520000,209715200,100000000,12000000,200000000,209715200,134217728,67108864,2000000000,350000000,10400000000,268435456
1713395580000,209715200,100000000,12000000,200000000,209715200,134217728,67108864,2000000000,350000000,10400000000,268435456
1713395640000,209715200,100000000,12000000,200000000,209715200,134217728,67108864,2000000000,350000000,10400000000,268435456
1713395700000,209715200,100000000,12000000,200000000,209715200,134217728,67108864,2000000000,350000000,7800000000,268435456
1713395760000,209715200,100000000,12000000,200000000,209715200,134217728,67108864,2000000000,350000000,15600000000,268435456
1713395820000,209715200,100000000,12000000,200000000,209715200,134217728,67108864,2000000000,350000000,15600000000,268435456
1713395880000,209715200,100000000,12000000,200000000,209715200,134217728,67108864,2000000000,350000000,15600000000,268435456
1713395940000,209715200,100000000,12000000,200000000,209715200,134217728,67108864,2000000000,350000000,15600000000,268435456
1713396000000,209715200,100000000,12000000,200000000,209715200,134217728,67108864,2000000000,350000000,15600000000,268435456
1713396060000,209715200,100000000,12000000,200000000,209715200,134217728,67108864,2000000000,350000000,15600000000,268435456
1713396120000,209715200,100000000,12000000,200000000,209715200,134217728,67108864,2000000000,350000000,7800000000,268435456
1713396180000,209715200,100000000,12000000,200000000,209715200,134217728,67108864,2000000000,350000000,5200000000,268435456
1713396240000,209715200,100000000,12000000,200000000,209715200,134217728,67108864,2000000000,350000000,10400000000,268435456
1713396300000,209715200,100000000,12000000,200000000,209715200,134217728,67108864,2000000000,350000000,10400000000,268435456
1713396360000,209715200,100000000,12000000,200000000,209715200,134217728,67108864,2000000000,350000000,10400000000,268435456
1713396420000,209715200,100000000,12000000,200000000,209715200,134217728,67108864,2000000000,350000000,10400000000,268435456
1713396480000,209715200,100000000,12000000,200000000,209715200,134217728,67108864,2000000000,350000000,15600000000,268435456
1713396540000,209715200,100000000,12000000,200000000,209715200,134217728,67108864,2000000000,350000000,15600000000,268435456
1713396600000,209715200,100000000,12000000,200000000,209715200,134217728,67108864,2000000000,350000000,15600000000,268435456
1713396660000,209715200,100000000,12000000,200000000,209715200,134217728,67108864,2000000000,350000000,15600000000,268435456
1713396720000,209715200,100000000,12000000,200000000,209715200,134217728,67108864,2000000000,350000000,15600000000,268435456
1713396780000,209715200,100000000,12000000,200000000,209715200,134217728,67108864,2000000000,350000000,15600000000,268435456
1713396840000,209715200,100000000,12000000,200000000,209715200,134217728,67108864,2000000000,350000000,7800000000,268435456
1713396900000,209715200,100000000,12000000,200000000,209715200,134217728,67108864,2000000000,350000000,7800000000,268435456
1713396960000,209715200,100000000,12000000,200000000,209715200,134217728,67108864,2000000000,350000000,7800000000,268435456
1713397020000,209715200,100000000,12000000,200000000,209715200,134217728,67108864,2000000000,350000000,5200000000,268435456
1713397080000,209715200,100000000,12000000,200000000,209715200,134217728,67108864,2000000000,350000000,5200000000,268435456
1713397140000,209715200,100000000,12000000,200000000,209715200,134217728,67108864,2000000000,350000000,5200000000,268435456
1713397200000,209715200,100000000,12000000,200000000,209715200,134217728,67108864,2000000000,350000000,5200000000,268435456
1713397260000,209715200,100000000,12000000,200000000,209715200,134217728,67108864,2000000000,350000000,5200000000,268435456
1713397320000,209715200,100000000,12000000,200000000,209715200,134217728,67108864,2000000000,350000000,5200000000,268435456
1713397380000,209715200,100000000,12000000,200000000,209715200,134217728,67108864,2000000000,350000000,5200000000,268435456
1713397440000,209715200,100000000,12000000,200000000,209715200,134217728,67108864,2000000000,350000000,5200000000,268435456
1713397500000,209715200,100000000,12000000,200000000,209715200,134217728,67108864,2000000000,350000000,5200000000,268435456
1713397560000,209715200,100000000,12000000,200000000,209715200,134217728,67108864,2000000000,350000000,5200000000,268435456
1713397620000,209715200,100000000,12000000,200000000,209715200,134217728,67108864,2000000000,350000000,5200000000,268435456
1713397680000,209715200,100000000,12000000,200000000,209715200,134217728,67108864,2000000000,350000000,5200000000,268435456
1713397740000,209715200,100000000,12000000,200000000,209715200,134217728,67108864,4000000000,350000000,5200000000,268435456
1713397800000,209715200,100000000,12000000,200000000,209715200,134217728,67108864,4000000000,350000000,5200000000,268435456
1713397860000,209715200,100000000,12000000,200000000,209715200,134217728,67108864,4000000000,350000000,5200000000,268435456
1713397920000,209715200,100000000,12000000,200000000,209715200,134217728,67108864,4000000000,350000000,5200000000,268435456
1713397980000,209715200,100000000,12000000,200000000,209715200,134217728,67108864,4000000000,350000000,5200000000,268435456
1713398040000,209715200,100000000,12000000,200000000,209715200,134217728,67108864,4000000000,350000000,5200000000,268435456
1713398100000,209715200,100000000,12000000,200000000,209715200,134217728,67108864,4000000000,350000000,5200000000,268435456
1713398160000,209715200,100000000,12000000,200000000,209715200,134217728,67108864,4000000000,350000000,5200000000,268435456
1713398220000,209715200,100000000,12000000,200000000,209715200,134217728,67108864,2000000000,350000000,5200000000,268435456
1713398280000,209715200,100000000,12000000,200000000,209715200,134217728,67108864,2000000000,350000000,5200000000,268435456
1713398340000,209715200,100000000,12000000,200000000,209715200,134217728,67108864,2000000000,350000000,5200000000,268435456
1713398400000,209715200,100000000,12000000,200000000,209715200,134217728,67108864,2000000000,350000000,5200000000,268435456
1713398460000,209715200,100000000,12000000,200000000,209715200,134217728,67108864,4000000000,350000000,5200000000,268435456
1713398520000,209715200,100000000,12000000,200000000,209715200,134217728,67108864,4000000000,350000000,5200000000,268435456
1713398580000,209715200,100000000,12000000,200000000,209715200,134217728,67108864,4000000000,350000000,5200000000,268435456
1713398640000,209715200,100000000,12000000,200000000,209715200,134217728,67108864,4000000000,350000000,5200000000,268435456
1713398700000,209715200,100000000,12000000,200000000,209715200,134217728,67108864,4000000000,350000000,5200000000,268435456
1713398760000,209715200,100000000,12000000,200000000,209715200,134217728,67108864,4000000000,350000000,5200000000,268435456
1713398820000,209715200,100000000,12000000,200000000,209715200,134217728,67108864,4000000000,350000000,5200000000,268435456
1713398880000,209715200,100000000,12000000,200000000,209715200,134217728,67108864,4000000000,350000000,5200000000,268435456
1713398940000,209715200,100000000,12000000,200000000,209715200,134217728,67108864,4000000000,350000000,5200000000,268435456
1713399000000,209715200,100000000,12000000,200000000,209715200,134217728,67108864,4000000000,350000000,5200000000,268435456
1713399060000,209715200,100000000,12000000,200000000,209715200,134217728,67108864,4000000000,350000000,5200000000,268435456
1713399120000,209715200,100000000,12000000,200000000,209715200,134217728,67108864,4000000000,350000000,5200000000,268435456
1713399180000,209715200,100000000,12000000,200000000,209715200,134217728,67108864,2000000000,350000000,5200000000,268435456
1713399240000,209715200,100000000,12000000,200000000,209715200,134217728,67108864,2000000000,350000000,5200000000,268435456
1713399300000,209715200,100000000,12000000,200000000,209715200,134217728,67108864,2000000000,350000000,5200000000,268435456
1713399360000,209715200,100000000,12000000,200000000,209715200,134217728,67108864,2000000000,350000000,5200000000,268435456
1713399420000,209715200,100000000,12000000,200000000,209715200,134217728,67108864,2000000000,350000000,5200000000,268435456
1713399480000,209715200,100000000,12000000,200000000,209715200,134217728,67108864,2000000000,350000000,5200000000,268435456
1713399540000,209715200,100000000,12000000,200000000,209715200,134217728,67108864,4000000000,350000000,5200000000,268435456
1713399600000,209715200,100000000,12000000,200000000,209715200,134217728,67108864,4000000000,350000000,5200000000,268435456
1713399660000,209715200,100000000,12000000,200000000,209715200,134217728,67108864,4000000000,350000000,5200000000,268435456
1713399720000,209715200,100000000,12000000,200000000,209715200,134217728,67108864,4000000000,350000000,5200000000,268435456
1713399780000,209715200,100000000,12000000,200000000,209715200,134217728,67108864,4000000000,350000000,5200000000,268435456
1713399840000,209715200,100000000,12000000,200000000,209715200,134217728,67108864,4000000000,350000000,5200000000,268435456
1713399900000,209715200,100000000,12000000,200000000,209715200,134217728,67108864,4000000000,350000000,5200000000,268435456
1713399960000,209715200,100000000,12000000,200000000,209715200,134217728,67108864,4000000000,350000000,5200000000,268435456
1713400020000,209715200,100000000,12000000,200000000,209715200,134217728,67108864,4000000000,350000000,5200000000,268435456
1713400080000,209715200,100000000,12000000,200000000,209715200,134217728,67108864,4000000000,350000000,5200000000,268435456
1713400140000,209715200,100000000,12000000,200000000,209715200,134217728,67108864,4000000000,350000000,5200000000,268435456
1713400200000,209715200,100000000,12000000,200000000,209715200,134217728,67108864,4000000000,350000000,5200000000,268435456
1713400260000,209715200,100000000,12000000,200000000,209715200,134217728,67108864,4000000000,350000000,5200000000,268435456
1713400320000,209715200,100000000,12000000,200000000,209715200,134217728,67108864,4000000000,350000000,5200000000,268435456
1713400380000,209715200,100000000,12000000,200000000,209715200,134217728,67108864,4000000000,350000000,5200000000,268435456
1713400440000,209715200,100000000,12000000,200000000,209715200,134217728,67108864,4000000000,350000000,5200000000,268435456
1713400500000,209715200,100000000,12000000,200000000,209715200,134217728,67108864,4000000000,350000000,5200000000,268435456
1713400560000,209715200,100000000,12000000,200000000,209715200,134217728,67108864,4000000000,350000000,5200000000,268435456
1713400620000,209715200,100000000,12000000,200000000,209715200,134217728,67108864,4000000000,350000000,5200000000,268435456
1713400680000,209715200,100000000,12000000,200000000,209715200,134217728,67108864,4000000000,350000000,5200000000,268435456